index,longitude,latitude,cycleway_road_50m,footway_road_50m,living_street_road_50m,path_road_50m,pedestrian_road_50m,primary_road_50m,residential_road_50m,secondary_road_50m,secondary_link_road_50m,service_road_50m,steps_road_50m,tertiary_road_50m,tertiary_link_road_50m,trunk_road_50m,trunk_link_road_50m,unclassified_road_50m,cycleway_road_100m,footway_road_100m,living_street_road_100m,path_road_100m,pedestrian_road_100m,primary_road_100m,residential_road_100m,secondary_road_100m,secondary_link_road_100m,service_road_100m,steps_road_100m,tertiary_road_100m,tertiary_link_road_100m,trunk_road_100m,trunk_link_road_100m,unclassified_road_100m,cycleway_road_500m,footway_road_500m,living_street_road_500m,motorway_road_500m,motorway_link_road_500m,path_road_500m,pedestrian_road_500m,primary_road_500m,primary_link_road_500m,residential_road_500m,secondary_road_500m,secondary_link_road_500m,service_road_500m,steps_road_500m,tertiary_road_500m,tertiary_link_road_500m,track_road_500m,trunk_road_500m,trunk_link_road_500m,unclassified_road_500m,cycleway_road_1000m,footway_road_1000m,living_street_road_1000m,motorway_road_1000m,motorway_link_road_1000m,path_road_1000m,pedestrian_road_1000m,primary_road_1000m,primary_link_road_1000m,residential_road_1000m,secondary_road_1000m,secondary_link_road_1000m,service_road_1000m,steps_road_1000m,tertiary_road_1000m,tertiary_link_road_1000m,track_road_1000m,trunk_road_1000m,trunk_link_road_1000m,unclassified_road_1000m,unknown_road_1000m,cycleway_road_1500m,footway_road_1500m,living_street_road_1500m,motorway_road_1500m,motorway_link_road_1500m,path_road_1500m,pedestrian_road_1500m,primary_road_1500m,primary_link_road_1500m,residential_road_1500m,secondary_road_1500m,secondary_link_road_1500m,service_road_1500m,steps_road_1500m,tertiary_road_1500m,tertiary_link_road_1500m,track_road_1500m,track_grade4_road_1500m,trunk_road_1500m,trunk_link_road_1500m,unclassified_road_1500m,unknown_road_1500m,bridleway_road_2000m,cycleway_road_2000m,footway_road_2000m,living_street_road_2000m,motorway_road_2000m,motorway_link_road_2000m,path_road_2000m,pedestrian_road_2000m,primary_road_2000m,primary_link_road_2000m,residential_road_2000m,secondary_road_2000m,secondary_link_road_2000m,service_road_2000m,steps_road_2000m,tertiary_road_2000m,tertiary_link_road_2000m,track_road_2000m,track_grade4_road_2000m,trunk_road_2000m,trunk_link_road_2000m,unclassified_road_2000m,unknown_road_2000m
0,116.366,39.8673,0.0,0.0,0.0,0.0,0.0,0.0,0.0,0.0,0.0,0.0,0.0,0.0,0.0,0.0,0.0,0.0,0.0,0.0,0.0,0.0,0.0,0.0,0.0,0.0,0.0,4396.4636197319605,0.0,0.0,0.0,0.0,0.0,0.0,21982.318098680524,210402.18751594218,0.0,0.0,0.0,0.0,0.0,34543.642726497965,12561.324627817443,53385.62966822413,0.0,0.0,153876.22669076367,12561.324627817443,78508.27892385902,18841.986941726165,0.0,21982.318098680524,65946.95429604157,0.0,94209.93470864317,916976.6978307934,0.0,0.0,0.0,6280.6623139095445,0.0,94209.93470864317,81648.61008082407,464769.0112293063,119332.58396428135,18841.98694172863,860450.7370056076,62806.62313909545,345436.427265025,56525.9608251859,0.0,69087.285453005,163297.22016164815,18841.98694172863,0.0,292050.7975967875,2166828.498298746,0.0,0.0,0.0,37683.973883456456,0.0,178998.87594641818,197840.8628881464,1384886.0402170247,499312.653955798,75367.94776691291,1705199.8182264047,122472.91512123348,876152.3927903626,150735.89553382582,0.0,0.0,263787.8171841952,499312.653955798,65946.9542960488,0.0,0.0,565259.6082518772,3529732.220417278,12561.324627819495,0.0,0.0,75367.94776691697,0.0,414523.7127180433,276349.1418120289,2951911.2875375813,1130519.2165037545,238665.1679285704,2977033.93679322,276349.1418120289,2575071.548702996,339155.76495112636,0.0,0.0,602943.5821353358,929538.0224586426,288910.46643984836,0.0
1,116.17,40.2865,0.0,0.0,0.0,0.0,0.0,0.0,0.0,0.0,0.0,0.0,0.0,0.0,0.0,0.0,0.0,0.0,0.0,0.0,0.0,0.0,0.0,0.0,0.0,0.0,0.0,0.0,0.0,0.0,0.0,0.0,0.0,0.0,0.0,0.0,0.0,0.0,0.0,0.0,0.0,0.0,0.0,0.0,0.0,0.0,0.0,0.0,0.0,0.0,0.0,0.0,0.0,3140.3311569543607,0.0,0.0,0.0,12561.324627819089,0.0,0.0,0.0,0.0,0.0,0.0,0.0,0.0,0.0,0.0,0.0,0.0,0.0,0.0,0.0,18841.98694172863,0.0,0.0,0.0,0.0,75367.94776691291,0.0,0.0,0.0,0.0,0.0,0.0,0.0,0.0,9420.993470864114,0.0,0.0,0.0,0.0,0.0,0.0,0.0,28262.98041259234,0.0,0.0,0.0,12561.324627819495,0.0,175858.54478947291,0.0,0.0,0.0,0.0,0.0,0.0,0.0,0.0,12561.324627819495,0.0,0.0,0.0,0.0,0.0,50245.29851127798,0.0,100490.59702255596,0.0
2,116.434,39.9522,0.0,0.0,0.0,0.0,0.0,0.0,314.0331156956783,0.0,0.0,0.0,0.0,314.0331156956783,0.0,0.0,0.0,0.0,0.0,0.0,0.0,0.0,0.0,0.0,1256.1324627805602,0.0,0.0,0.0,0.0,628.0662313902801,0.0,0.0,0.0,0.0,9420.993470863083,21982.318098680524,0.0,6280.662313908721,0.0,0.0,0.0,0.0,0.0,56525.960825178496,12561.324627817443,3140.3311569543607,15701.655784771803,0.0,25122.649255634886,0.0,0.0,18841.986941726165,0.0,18841.986941726165,43964.63619736681,483610.9981710349,0.0,31403.311569547725,62806.62313909545,0.0,12561.324627819089,0.0,0.0,326594.4403232963,320313.7780093868,25122.649255638178,251226.4925563818,56525.9608251859,477330.3358571254,12561.324627819089,0.0,106771.25933646226,31403.311569547725,150735.89553382905,0.0,254366.82371333108,1771146.7725224535,0.0,65946.9542960488,188419.8694172823,9420.993470864114,28262.98041259234,0.0,0.0,1008046.3013824602,876152.3927903626,197840.8628881464,1092835.2426202372,282629.80412592343,1281255.1120375195,160156.88900468993,0.0,0.0,471049.6735432057,254366.82371333108,405102.7192471569,0.0,0.0,376839.73883458483,3253383.078605249,0.0,100490.59702255596,263787.8171842094,12561.324627819495,50245.29851127798,75367.94776691697,0.0,2399213.0039135236,1482236.3060827004,439646.3619736823,2348967.7054022453,565259.6082518772,2512264.925563899,376839.73883458483,12561.324627819495,0.0,904415.3732030037,690872.8545300722,753679.4776691697,0.0
3,116.434,39.8745,0.0,0.0,0.0,0.0,0.0,0.0,0.0,0.0,0.0,0.0,0.0,0.0,0.0,0.0,0.0,0.0,0.0,628.0662313902801,0.0,0.0,0.0,0.0,0.0,0.0,0.0,0.0,0.0,1884.1986941708403,0.0,0.0,0.0,0.0,0.0,113051.92165035699,0.0,0.0,0.0,25122.649255634886,0.0,0.0,0.0,3140.3311569543607,0.0,0.0,0.0,3140.3311569543607,59666.291982132854,6280.662313908721,0.0,6280.662313908721,6280.662313908721,3140.3311569543607,6280.6623139095445,690872.85453005,0.0,0.0,0.0,50245.298511276356,0.0,12561.324627819089,0.0,131893.90859210043,138174.57090601,0.0,138174.57090601,81648.61008082407,263787.81718420086,12561.324627819089,0.0,62806.62313909545,169577.8824755577,75367.94776691453,0.0,47104.96735432057,2279880.4199491157,47104.96735432057,0.0,0.0,122472.91512123348,18841.986941728228,47104.96735432057,9420.993470864114,951520.3405572755,433365.6996597492,18841.986941728228,480470.6670140698,254366.82371333108,866731.3993194985,131893.9085920976,0.0,0.0,141314.90206296172,423944.70618888515,131893.9085920976,0.0,0.0,100490.59702255596,4949161.903360881,62806.62313909747,0.0,100490.59702255596,175858.54478947291,50245.29851127798,464769.0112293213,113051.92165037546,2135425.1867293143,753679.4776691697,75367.94776691697,1105396.5672481155,766240.8022969891,2097741.2128458554,477330.3358571408,0.0,0.0,715995.5037857112,1155641.8657593934,540136.9589962383,0.0
4,116.473,39.9716,0.0,0.0,0.0,0.0,0.0,0.0,0.0,0.0,0.0,0.0,0.0,0.0,0.0,0.0,0.0,0.0,0.0,0.0,0.0,0.0,0.0,0.0,0.0,1256.1324627805602,0.0,628.0662313902801,0.0,628.0662313902801,0.0,0.0,0.0,628.0662313902801,0.0,87929.2723947221,0.0,0.0,0.0,3140.3311569543607,0.0,0.0,0.0,69087.28545299593,21982.318098680524,0.0,25122.649255634886,0.0,3140.3311569543607,0.0,6280.662313908721,0.0,0.0,21982.318098680524,0.0,565259.608251859,0.0,50245.298511276356,87929.27239473362,37683.97388345726,6280.6623139095445,25122.649255638178,0.0,401962.38809021085,119332.58396428135,18841.98694172863,238665.1679285627,50245.298511276356,144455.23321991952,12561.324627819089,25122.649255638178,138174.57090601,94209.93470864317,125613.2462781909,0.0,28262.98041259234,1469674.9814548017,0.0,150735.89553382582,131893.9085920976,122472.91512123348,9420.993470864114,160156.88900468993,18841.986941728228,1403728.027158753,282629.80412592343,37683.973883456456,631206.5625478956,273208.8106550593,423944.70618888515,18841.986941728228,84788.94123777702,0.0,329734.771480244,254366.82371333108,423944.70618888515,0.0,0.0,87929.27239473646,2424335.6531691626,0.0,226103.84330075092,226103.84330075092,263787.8171842094,25122.64925563899,351717.08957894583,25122.64925563899,2863982.015142845,452207.68660150183,113051.92165037546,1984689.2911954802,364278.41420676536,1130519.2165037545,62806.62313909747,125613.24627819494,0.0,590382.2575075163,364278.41420676536,929538.0224586426,0.0
5,116.361,39.9425,0.0,0.0,0.0,0.0,0.0,0.0,314.0331156956783,0.0,0.0,314.0331156956783,0.0,0.0,0.0,0.0,0.0,0.0,0.0,0.0,0.0,0.0,0.0,0.0,2512.2649255611204,0.0,0.0,628.0662313902801,0.0,0.0,0.0,0.0,0.0,0.0,6280.662313908721,12561.324627817443,0.0,0.0,0.0,0.0,0.0,9420.993470863083,0.0,91069.60355167647,18841.986941726165,0.0,59666.291982132854,18841.986941726165,56525.960825178496,0.0,0.0,9420.993470863083,15701.655784771803,3140.3311569543607,113051.9216503718,244945.83024247224,125613.2462781909,0.0,0.0,12561.324627819089,0.0,138174.57090601,0.0,533856.2966823113,87929.27239473362,6280.6623139095445,533856.2966823113,157016.55784773862,427085.03734584904,131893.90859210043,0.0,119332.58396428135,106771.25933646226,43964.63619736681,0.0,339155.7649511081,1479095.9749256659,188419.8694172823,0.0,0.0,18841.986941728228,18841.986941728228,273208.8106550593,0.0,1243571.1381540631,452207.68660147744,141314.90206296172,1658094.850872084,433365.6996597492,1318939.085920976,697153.5168439444,0.0,0.0,452207.68660147744,357997.75189283636,160156.88900468993,0.0,0.0,502452.9851127798,2863982.015142845,276349.1418120289,0.0,0.0,25122.64925563899,25122.64925563899,515014.3097405993,37683.973883458486,2838859.3658872056,778802.1269248087,288910.46643984836,4622567.463037574,602943.5821353358,2612755.522586455,1105396.5672481155,12561.324627819495,0.0,879292.7239473646,628066.2313909747,326594.4403233069,0.0
6,116.315,39.9934,0.0,0.0,0.0,0.0,0.0,0.0,314.0331156956783,0.0,0.0,314.0331156956783,0.0,0.0,0.0,0.0,0.0,0.0,0.0,628.0662313902801,0.0,0.0,0.0,0.0,1256.1324627805602,0.0,0.0,628.0662313902801,0.0,628.0662313902801,0.0,0.0,0.0,0.0,21982.318098680524,31403.311569543606,0.0,0.0,0.0,0.0,0.0,12561.324627817443,0.0,91069.60355167647,6280.662313908721,0.0,125613.24627817443,18841.986941726165,3140.3311569543607,0.0,0.0,0.0,0.0,12561.324627817443,276349.14181202,1419429.6829435572,0.0,0.0,0.0,56525.9608251859,18841.98694172863,113051.9216503718,18841.98694172863,301471.7910676581,56525.9608251859,37683.97388345726,1394307.033687919,251226.4925563818,50245.298511276356,6280.6623139095445,0.0,0.0,0.0,125613.2462781909,0.0,1026888.2883241884,6500485.494896239,0.0,0.0,0.0,405102.7192471569,141314.90206296172,282629.80412592343,47104.96735432057,998625.307911596,405102.7192471569,113051.92165036936,4022764.2120589768,847889.4123777703,593522.5886644392,122472.91512123348,0.0,0.0,56525.96082518468,75367.94776691291,452207.68660147744,0.0,0.0,1884198.6941729242,11945819.72105634,12561.324627819495,0.0,0.0,1055151.2687368377,326594.4403233069,401962.38809022383,100490.59702255596,2939349.962909762,766240.8022969891,163297.22016165344,7662408.022969891,1344061.735176686,1733462.7986390903,389401.06346240436,0.0,0.0,200981.19404511192,263787.8171842094,690872.8545300722,0.0
7,116.72,40.1438,0.0,0.0,0.0,0.0,0.0,0.0,0.0,0.0,0.0,0.0,0.0,0.0,0.0,0.0,0.0,0.0,0.0,0.0,0.0,0.0,0.0,0.0,0.0,0.0,0.0,0.0,0.0,0.0,0.0,0.0,0.0,0.0,0.0,0.0,0.0,0.0,0.0,0.0,0.0,0.0,0.0,6280.662313908721,0.0,0.0,0.0,0.0,3140.3311569543607,0.0,0.0,0.0,0.0,0.0,0.0,0.0,0.0,0.0,0.0,0.0,0.0,0.0,0.0,18841.98694172863,0.0,0.0,0.0,0.0,25122.649255638178,0.0,0.0,0.0,0.0,0.0,0.0,0.0,0.0,0.0,0.0,0.0,0.0,0.0,28262.98041259234,18841.986941728228,113051.92165036936,0.0,0.0,0.0,0.0,84788.94123777702,0.0,0.0,0.0,0.0,0.0,0.0,0.0,0.0,0.0,0.0,0.0,0.0,0.0,0.0,0.0,37683.973883458486,25122.64925563899,615504.9067631552,25122.64925563899,0.0,0.0,0.0,150735.89553383394,0.0,0.0,0.0,0.0,0.0,75367.94776691697,0.0
8,116.644,40.3937,0.0,0.0,0.0,0.0,0.0,0.0,0.0,0.0,0.0,0.0,0.0,0.0,0.0,0.0,0.0,0.0,0.0,0.0,0.0,0.0,0.0,0.0,0.0,0.0,0.0,628.0662313902801,0.0,0.0,0.0,0.0,0.0,0.0,0.0,15701.655784771803,0.0,0.0,0.0,0.0,0.0,0.0,0.0,0.0,3140.3311569543607,0.0,31403.311569543606,3140.3311569543607,0.0,0.0,0.0,0.0,0.0,0.0,0.0,69087.285453005,0.0,0.0,0.0,75367.94776691453,0.0,0.0,0.0,100490.59702255271,25122.649255638178,0.0,62806.62313909545,6280.6623139095445,0.0,0.0,0.0,0.0,0.0,6280.6623139095445,0.0,18841.986941728228,310892.7845385158,18841.986941728228,0.0,0.0,169577.88247555404,0.0,0.0,0.0,414523.712718021,75367.94776691291,0.0,254366.82371333108,18841.986941728228,9420.993470864114,0.0,0.0,0.0,0.0,0.0,9420.993470864114,0.0,0.0,25122.64925563899,803924.7761804477,37683.973883458486,0.0,0.0,226103.84330075092,0.0,0.0,0.0,854170.0746917257,163297.22016165344,0.0,577820.9328796967,25122.64925563899,125613.24627819494,12561.324627819495,12561.324627819495,0.0,0.0,0.0,25122.64925563899,0.0
9,116.23,40.1952,0.0,0.0,0.0,0.0,0.0,0.0,0.0,0.0,0.0,0.0,0.0,314.0331156956783,0.0,0.0,0.0,0.0,0.0,0.0,0.0,0.0,0.0,0.0,0.0,0.0,0.0,0.0,0.0,628.0662313902801,0.0,0.0,0.0,0.0,0.0,0.0,0.0,9420.993470863083,6280.662313908721,9420.993470863083,3140.3311569543607,25122.649255634886,0.0,12561.324627817443,15701.655784771803,0.0,0.0,0.0,21982.318098680524,0.0,0.0,0.0,0.0,6280.662313908721,0.0,0.0,0.0,69087.285453005,12561.324627819089,56525.9608251859,6280.6623139095445,113051.9216503718,0.0,62806.62313909545,100490.59702255271,25122.649255638178,6280.6623139095445,0.0,62806.62313909545,0.0,0.0,0.0,0.0,194700.5317311959,0.0,0.0,103630.92817950525,0.0,131893.9085920976,56525.96082518468,122472.91512123348,9420.993470864114,188419.8694172823,18841.986941728228,339155.7649511081,178998.87594641818,37683.973883456456,47104.96735432057,37683.973883456456,235524.83677160286,56525.96082518468,0.0,0.0,0.0,0.0,508733.64742666215,0.0,0.0,0.0,427085.03734586283,0.0,200981.19404511192,213542.51867293142,163297.22016165344,12561.324627819495,301471.7910676679,25122.64925563899,866731.3993195451,351717.08957894583,62806.62313909747,314033.11569548736,200981.19404511192,414523.7127180433,238665.1679285704,0.0,0.0,0.0,0.0,942099.3470864621,0.0
10,116.407,40.0031,0.0,0.0,0.0,0.0,0.0,0.0,0.0,0.0,0.0,0.0,0.0,0.0,0.0,0.0,0.0,0.0,0.0,0.0,0.0,0.0,0.0,0.0,0.0,0.0,0.0,0.0,0.0,0.0,0.0,0.0,0.0,0.0,6280.662313908721,59666.291982132854,0.0,0.0,0.0,0.0,0.0,34543.642726497965,0.0,47104.96735431541,15701.655784771803,9420.993470863083,18841.986941726165,15701.655784771803,21982.318098680524,0.0,0.0,0.0,0.0,3140.3311569543607,43964.63619736681,194700.5317311959,0.0,0.0,0.0,0.0,0.0,207261.85635901496,0.0,270068.4794981104,62806.62313909545,25122.649255638178,270068.4794981104,31403.311569547725,169577.8824755577,18841.98694172863,0.0,0.0,0.0,25122.649255638178,0.0,329734.771480244,904415.3732029549,0.0,0.0,0.0,0.0,9420.993470864114,348576.7584219722,0.0,697153.5168439444,423944.70618888515,47104.96735432057,885573.3862612267,103630.92817950525,536996.6278392544,84788.94123777702,0.0,0.0,0.0,0.0,47104.96735432057,0.0,0.0,640627.5560187942,2788614.0673759277,0.0,25122.64925563899,75367.94776691697,12561.324627819495,50245.29851127798,602943.5821353358,12561.324627819495,1356623.0598045054,778802.1269248087,150735.89553383394,1884198.6941729242,477330.3358571408,1394307.0336879638,276349.1418120289,0.0,0.0,213542.51867293142,502452.9851127798,188419.86941729242,0.0
11,116.225,39.9279,0.0,0.0,0.0,0.0,0.0,0.0,0.0,0.0,0.0,0.0,0.0,942.0993470870349,0.0,0.0,0.0,314.0331156956783,0.0,0.0,0.0,0.0,0.0,0.0,628.0662313902801,0.0,0.0,0.0,0.0,1884.1986941708403,0.0,0.0,0.0,628.0662313902801,21982.318098680524,9420.993470863083,0.0,0.0,0.0,0.0,0.0,3140.3311569543607,0.0,9420.993470863083,25122.649255634886,3140.3311569543607,0.0,9420.993470863083,25122.649255634886,0.0,0.0,3140.3311569543607,0.0,12561.324627817443,50245.298511276356,131893.90859210043,43964.63619736681,0.0,0.0,0.0,0.0,69087.285453005,0.0,62806.62313909545,87929.27239473362,12561.324627819089,106771.25933646226,56525.9608251859,87929.27239473362,0.0,0.0,25122.649255638178,12561.324627819089,144455.23321991952,0.0,141314.90206296172,367418.74536370044,65946.9542960488,0.0,47104.96735432057,18841.986941728228,0.0,131893.9085920976,0.0,235524.83677160286,235524.83677160286,18841.986941728228,273208.8106550593,103630.92817950525,197840.8628881464,0.0,0.0,0.0,37683.973883456456,28262.98041259234,414523.712718021,0.0,0.0,238665.1679285704,1620410.8769887148,87929.27239473646,188419.86941729242,401962.38809022383,25122.64925563899,0.0,477330.3358571408,37683.973883458486,1344061.735176686,439646.3619736823,50245.29851127798,565259.6082518772,200981.19404511192,515014.3097405993,75367.94776691697,12561.324627819495,0.0,50245.29851127798,37683.973883458486,829047.4254360866,0.0
12,117.151,39.097,0.0,0.0,0.0,0.0,0.0,0.0,0.0,0.0,0.0,314.0331156956783,0.0,0.0,0.0,0.0,0.0,0.0,0.0,0.0,0.0,0.0,0.0,0.0,0.0,0.0,0.0,628.0662313902801,0.0,1256.1324627805602,0.0,0.0,0.0,0.0,0.0,3140.3311569543607,0.0,0.0,0.0,0.0,0.0,28262.980412589248,6280.662313908721,3140.3311569543607,34543.642726497965,0.0,62806.62313908721,6280.662313908721,28262.980412589248,0.0,0.0,0.0,0.0,6280.662313908721,0.0,188419.86941728633,62806.62313909545,0.0,0.0,6280.6623139095445,12561.324627819089,194700.5317311959,157016.55784773862,37683.97388345726,232384.50561465314,6280.6623139095445,383120.4011484822,12561.324627819089,232384.50561465314,0.0,0.0,0.0,0.0,69087.285453005,0.0,0.0,565259.6082518469,160156.88900468993,0.0,0.0,65946.9542960488,75367.94776691291,395681.7257762928,235524.83677160286,282629.80412592343,442786.69313061336,9420.993470864114,1092835.2426202372,18841.986941728228,527575.6343683904,0.0,0.0,0.0,0.0,0.0,226103.84330073872,0.0,0.0,0.0,2110302.5374736753,251226.4925563899,0.0,0.0,238665.1679285704,150735.89553383394,778802.1269248087,464769.0112293213,854170.0746917257,1080273.9179924766,113051.92165037546,2587632.8733308157,25122.64925563899,1180764.5150150326,62806.62313909747,0.0,0.0,113051.92165037546,163297.22016165344,351717.08957894583,0.0
13,117.193,39.173,0.0,0.0,0.0,0.0,0.0,0.0,0.0,0.0,0.0,0.0,0.0,0.0,0.0,0.0,0.0,0.0,0.0,0.0,0.0,0.0,0.0,0.0,0.0,0.0,0.0,0.0,0.0,0.0,0.0,0.0,0.0,0.0,0.0,0.0,0.0,0.0,0.0,0.0,0.0,0.0,0.0,9420.993470863083,12561.324627817443,0.0,3140.3311569543607,0.0,9420.993470863083,0.0,0.0,12561.324627817443,28262.980412589248,0.0,25122.649255638178,0.0,0.0,0.0,0.0,0.0,0.0,31403.311569547725,0.0,131893.90859210043,75367.94776691453,0.0,106771.25933646226,0.0,37683.97388345726,6280.6623139095445,6280.6623139095445,87929.27239473362,226103.8433007436,94209.93470864317,0.0,37683.973883456456,75367.94776691291,0.0,0.0,0.0,0.0,0.0,131893.9085920976,47104.96735432057,791363.4515525856,376839.7388345646,94209.93470864114,414523.712718021,56525.96082518468,75367.94776691291,9420.993470864114,9420.993470864114,0.0,216682.8498298746,357997.75189283636,178998.87594641818,0.0,0.0,50245.29851127798,150735.89553383394,12561.324627819495,0.0,0.0,12561.324627819495,12561.324627819495,351717.08957894583,87929.27239473646,1708340.1493834513,715995.5037857112,125613.24627819494,753679.4776691697,75367.94776691697,414523.7127180433,12561.324627819495,12561.324627819495,0.0,339155.76495112636,527575.6343684188,339155.76495112636,0.0
14,117.145,39.1654,0.0,0.0,0.0,0.0,0.0,0.0,0.0,0.0,0.0,0.0,0.0,0.0,0.0,0.0,0.0,314.0331156956783,0.0,0.0,0.0,0.0,0.0,1884.1986941708403,0.0,0.0,0.0,628.0662313902801,0.0,0.0,0.0,0.0,0.0,1256.1324627805602,0.0,3140.3311569543607,0.0,0.0,0.0,0.0,0.0,18841.986941726165,0.0,15701.655784771803,6280.662313908721,3140.3311569543607,3140.3311569543607,9420.993470863083,12561.324627817443,0.0,0.0,0.0,0.0,9420.993470863083,0.0,6280.6623139095445,0.0,0.0,0.0,0.0,0.0,81648.61008082407,12561.324627819089,94209.93470864317,62806.62313909545,56525.9608251859,18841.98694172863,18841.98694172863,106771.25933646226,0.0,0.0,0.0,0.0,18841.98694172863,0.0,0.0,122472.91512123348,0.0,0.0,0.0,0.0,9420.993470864114,235524.83677160286,18841.986941728228,282629.80412592343,226103.84330073872,103630.92817950525,197840.8628881464,47104.96735432057,254366.82371333108,0.0,0.0,0.0,141314.90206296172,65946.9542960488,37683.973883456456,0.0,0.0,0.0,251226.4925563899,0.0,0.0,0.0,0.0,25122.64925563899,653188.8806466138,175858.54478947291,1055151.2687368377,741118.1530413502,188419.86941729242,376839.73883458483,87929.27239473646,967221.9963421011,25122.64925563899,0.0,0.0,339155.76495112636,125613.24627819494,62806.62313909747,0.0
15,117.184,39.1205,0.0,0.0,0.0,0.0,0.0,0.0,0.0,0.0,0.0,0.0,0.0,0.0,0.0,0.0,0.0,0.0,0.0,0.0,0.0,0.0,0.0,0.0,3768.3973883416807,0.0,0.0,0.0,0.0,0.0,0.0,0.0,0.0,0.0,0.0,9420.993470863083,3140.3311569543607,0.0,0.0,0.0,6280.662313908721,18841.986941726165,0.0,69087.28545299593,6280.662313908721,0.0,25122.649255634886,6280.662313908721,18841.986941726165,0.0,0.0,0.0,0.0,21982.318098680524,0.0,25122.649255638178,18841.98694172863,0.0,0.0,0.0,31403.311569547725,138174.57090601,6280.6623139095445,577820.9328796781,113051.9216503718,6280.6623139095445,163297.22016164815,25122.649255638178,138174.57090601,18841.98694172863,0.0,0.0,0.0,69087.285453005,0.0,0.0,329734.771480244,47104.96735432057,0.0,0.0,18841.986941728228,94209.93470864114,376839.7388345646,28262.98041259234,1893619.687643687,744258.484198265,47104.96735432057,452207.68660147744,65946.9542960488,574680.601722711,47104.96735432057,0.0,0.0,0.0,0.0,160156.88900468993,0.0,0.0,0.0,1331500.4105488665,62806.62313909747,0.0,0.0,37683.973883458486,238665.1679285704,741118.1530413502,50245.29851127798,4107553.153296975,1746024.1232669097,100490.59702255596,1683217.5001278124,213542.51867293142,1557604.2538496174,75367.94776691697,0.0,0.0,0.0,0.0,301471.7910676679,0.0
16,117.237,39.1082,0.0,0.0,0.0,0.0,0.0,0.0,314.0331156956783,0.0,0.0,314.0331156956783,0.0,0.0,0.0,0.0,0.0,0.0,0.0,0.0,0.0,0.0,0.0,0.0,1884.1986941708403,0.0,0.0,628.0662313902801,0.0,0.0,0.0,0.0,0.0,0.0,0.0,3140.3311569543607,0.0,0.0,0.0,0.0,0.0,0.0,0.0,43964.63619736105,9420.993470863083,0.0,12561.324627817443,6280.662313908721,3140.3311569543607,0.0,0.0,0.0,0.0,0.0,0.0,25122.649255638178,0.0,0.0,0.0,0.0,0.0,100490.59702255271,75367.94776691453,339155.7649511154,119332.58396428135,25122.649255638178,69087.285453005,12561.324627819089,31403.311569547725,0.0,0.0,0.0,0.0,6280.6623139095445,0.0,0.0,47104.96735432057,0.0,0.0,0.0,18841.986941728228,0.0,226103.84330073872,141314.90206296172,913836.366673819,367418.74536370044,47104.96735432057,178998.87594641818,37683.973883456456,226103.84330073872,9420.993470864114,0.0,0.0,9420.993470864114,0.0,18841.986941728228,0.0,0.0,0.0,188419.86941729242,0.0,0.0,0.0,25122.64925563899,25122.64925563899,552698.2836240578,263787.8171842094,1972127.9665676607,829047.4254360866,75367.94776691697,414523.7127180433,75367.94776691697,929538.0224586426,50245.29851127798,0.0,0.0,163297.22016165344,301471.7910676679,62806.62313909747,0.0
17,117.202,39.0927,0.0,0.0,0.0,0.0,0.0,0.0,628.0662313913566,0.0,0.0,0.0,0.0,0.0,0.0,0.0,0.0,0.0,0.0,0.0,0.0,0.0,0.0,0.0,1256.1324627805602,0.0,0.0,0.0,0.0,0.0,0.0,0.0,0.0,0.0,0.0,28262.980412589248,0.0,0.0,0.0,0.0,3140.3311569543607,12561.324627817443,0.0,28262.980412589248,18841.986941726165,0.0,9420.993470863083,0.0,18841.986941726165,0.0,0.0,0.0,0.0,0.0,0.0,106771.25933646226,6280.6623139095445,0.0,0.0,6280.6623139095445,6280.6623139095445,75367.94776691453,18841.98694172863,163297.22016164815,188419.86941728633,6280.6623139095445,75367.94776691453,12561.324627819089,62806.62313909545,0.0,0.0,0.0,0.0,6280.6623139095445,0.0,0.0,197840.8628881464,37683.973883456456,0.0,0.0,18841.986941728228,9420.993470864114,292050.7975967875,103630.92817950525,527575.6343683904,650048.5494896239,18841.986941728228,235524.83677160286,37683.973883456456,329734.771480244,0.0,0.0,0.0,0.0,0.0,28262.98041259234,0.0,0.0,25122.64925563899,339155.76495112636,150735.89553383394,0.0,0.0,62806.62313909747,12561.324627819495,602943.5821353358,138174.57090601444,1884198.6941729242,1419429.6829436028,75367.94776691697,515014.3097405993,200981.19404511192,879292.7239473646,37683.973883458486,0.0,0.0,163297.22016165344,87929.27239473646,138174.57090601444,0.0
18,117.1837,39.2133,0.0,0.0,0.0,0.0,0.0,0.0,0.0,0.0,0.0,0.0,0.0,0.0,0.0,0.0,0.0,0.0,0.0,0.0,0.0,0.0,0.0,0.0,628.0662313902801,628.0662313902801,0.0,0.0,0.0,0.0,0.0,0.0,0.0,0.0,0.0,15701.655784771803,0.0,0.0,0.0,0.0,0.0,3140.3311569543607,0.0,12561.324627817443,3140.3311569543607,0.0,50245.29851126977,0.0,6280.662313908721,0.0,0.0,0.0,0.0,0.0,0.0,62806.62313909545,0.0,0.0,0.0,0.0,0.0,12561.324627819089,18841.98694172863,200981.19404510543,6280.6623139095445,0.0,188419.86941728633,62806.62313909545,62806.62313909545,0.0,0.0,25122.649255638178,43964.63619736681,25122.649255638178,0.0,0.0,244945.83024246697,0.0,0.0,0.0,0.0,0.0,28262.98041259234,37683.973883456456,508733.64742666215,9420.993470864114,0.0,894994.3797320909,169577.88247555404,292050.7975967875,9420.993470864114,0.0,0.0,122472.91512123348,244945.83024246697,131893.9085920976,0.0,0.0,0.0,628066.2313909747,0.0,25122.64925563899,0.0,0.0,0.0,37683.973883458486,50245.29851127798,1017467.294853379,12561.324627819495,0.0,2047495.9143345777,351717.08957894583,452207.68660150183,12561.324627819495,0.0,0.0,314033.11569548736,389401.06346240436,339155.76495112636,0.0
19,117.269,39.1337,0.0,0.0,0.0,0.0,0.0,0.0,628.0662313913566,0.0,0.0,0.0,0.0,0.0,0.0,0.0,0.0,0.0,0.0,0.0,0.0,0.0,0.0,0.0,1884.1986941708403,0.0,0.0,0.0,0.0,0.0,0.0,0.0,0.0,0.0,0.0,6280.662313908721,0.0,0.0,0.0,0.0,0.0,12561.324627817443,0.0,37683.97388345233,0.0,0.0,12561.324627817443,6280.662313908721,25122.649255634886,0.0,0.0,15701.655784771803,3140.3311569543607,28262.980412589248,0.0,12561.324627819089,0.0,0.0,0.0,0.0,0.0,56525.9608251859,12561.324627819089,213542.51867292452,62806.62313909545,0.0,119332.58396428135,18841.98694172863,94209.93470864317,0.0,0.0,56525.9608251859,37683.97388345726,62806.62313909545,0.0,9420.993470864147,28262.980412592442,0.0,0.0,0.0,0.0,0.0,244945.8302424678,113051.92165036977,659469.5429604902,226103.84330073954,0.0,320313.77800938097,65946.95429604902,216682.84982987537,0.0,0.0,0.0,113051.92165036977,367418.7453637017,122472.9151212339,0.0,0.0,12561.324627819506,50245.29851127802,0.0,0.0,0.0,0.0,0.0,502452.98511278024,188419.8694172926,1356623.0598045066,464769.0112293217,25122.64925563901,929538.0224586434,113051.92165037555,1117957.891875936,62806.62313909753,0.0,0.0,263787.8171842096,778802.1269248093,163297.22016165356,0.0
20,117.307,39.0877,0.0,0.0,0.0,0.0,0.0,0.0,0.0,0.0,0.0,0.0,0.0,0.0,0.0,0.0,0.0,0.0,0.0,0.0,0.0,0.0,0.0,0.0,0.0,0.0,0.0,0.0,0.0,0.0,0.0,0.0,0.0,0.0,0.0,0.0,0.0,0.0,0.0,0.0,0.0,6280.66231390873,0.0,15701.655784771825,0.0,0.0,0.0,0.0,21982.318098680553,0.0,0.0,12561.32462781746,0.0,0.0,0.0,0.0,0.0,0.0,0.0,0.0,0.0,50245.29851127629,0.0,81648.61008082397,12561.324627819073,0.0,12561.324627819073,0.0,75367.94776691444,0.0,0.0,56525.96082518583,81648.61008082397,0.0,0.0,0.0,0.0,0.0,0.0,0.0,0.0,0.0,113051.92165036846,0.0,235524.83677160094,94209.93470864037,0.0,122472.9151212325,0.0,244945.830242465,18841.986941728075,0.0,0.0,169577.88247555267,141314.90206296055,18841.986941728075,0.0,0.0,0.0,0.0,0.0,0.0,0.0,0.0,0.0,200981.19404511133,0.0,678311.5299022507,188419.86941729186,0.0,213542.5186729308,0.0,540136.9589962367,37683.97388345838,12561.324627819458,0.0,351717.08957894484,188419.86941729186,62806.62313909729,0.0
21,117.707,39.0343,0.0,314.03311569568194,0.0,0.0,0.0,0.0,0.0,0.0,0.0,0.0,0.0,0.0,0.0,0.0,0.0,0.0,0.0,5652.596082512809,0.0,0.0,0.0,0.0,0.0,0.0,0.0,0.0,0.0,0.0,0.0,0.0,0.0,0.0,0.0,144455.23321990078,0.0,0.0,0.0,12561.32462781746,0.0,21982.318098680553,3140.331156954365,15701.655784771825,12561.32462781746,0.0,9420.993470863094,0.0,15701.655784771825,0.0,0.0,0.0,0.0,3140.331156954365,0.0,376839.7388345722,0.0,0.0,0.0,25122.649255638145,0.0,100490.59702255258,62806.62313909536,125613.24627819072,43964.63619736675,0.0,18841.98694172861,12561.324627819073,138174.5709060098,0.0,0.0,0.0,0.0,12561.324627819073,0.0,0.0,668890.5364313467,0.0,0.0,0.0,37683.97388345615,0.0,216682.84982987287,131893.90859209653,244945.830242465,122472.9151212325,0.0,94209.93470864037,18841.986941728075,423944.7061888817,0.0,0.0,0.0,0.0,0.0,141314.90206296055,0.0,0.0,0.0,904415.373203001,0.0,25122.649255638917,0.0,50245.29851127783,0.0,401962.38809022267,226103.84330075025,515014.3097405978,364278.4142067643,0.0,301471.791067667,25122.649255638917,791363.4515526259,0.0,0.0,0.0,0.0,0.0,401962.38809022267,0.0
22,117.457,38.8394,0.0,314.03311569568194,0.0,0.0,0.0,0.0,0.0,0.0,0.0,942.0993470870458,0.0,0.0,0.0,0.0,0.0,0.0,0.0,2512.264925561248,0.0,0.0,628.066231390312,0.0,628.066231390312,0.0,0.0,1884.198694170936,0.0,0.0,0.0,0.0,0.0,0.0,0.0,65946.95429604166,0.0,0.0,0.0,3140.331156954365,9420.993470863094,0.0,0.0,21982.318098680553,12561.32462781746,6280.66231390873,12561.32462781746,0.0,0.0,0.0,0.0,0.0,0.0,3140.331156954365,0.0,150735.89553382888,0.0,0.0,0.0,6280.662313909536,25122.649255638145,0.0,0.0,138174.5709060098,43964.63619736675,18841.98694172861,672030.8675883204,0.0,62806.62313909536,0.0,0.0,0.0,0.0,12561.324627819073,0.0,9420.993470864038,263787.81718419306,0.0,0.0,0.0,9420.993470864038,47104.967354320186,28262.980412592115,37683.97388345615,593522.5886644344,188419.86941728074,37683.97388345615,3071243.8715016763,0.0,150735.8955338246,9420.993470864038,0.0,0.0,18841.986941728075,0.0,18841.986941728075,0.0,0.0,25122.649255638917,803924.7761804453,0.0,0.0,0.0,100490.59702255567,87929.27239473621,75367.94776691675,163297.22016165295,1243571.1381541265,288910.46643984754,100490.59702255567,6695186.026627772,0.0,213542.5186729308,12561.324627819458,0.0,0.0,75367.94776691675,0.0,25122.649255638917,0.0
23,117.401,39.124,0.0,0.0,0.0,0.0,0.0,0.0,0.0,0.0,0.0,0.0,0.0,0.0,0.0,0.0,0.0,0.0,0.0,0.0,0.0,0.0,0.0,0.0,0.0,0.0,0.0,0.0,0.0,0.0,0.0,0.0,0.0,628.066231390312,0.0,0.0,0.0,0.0,0.0,0.0,0.0,0.0,0.0,0.0,12561.32462781746,0.0,3140.331156954365,0.0,0.0,0.0,0.0,0.0,0.0,21982.318098680553,0.0,0.0,0.0,12561.324627819073,0.0,0.0,0.0,6280.662313909536,0.0,0.0,69087.2854530049,0.0,12561.324627819073,0.0,12561.324627819073,0.0,0.0,0.0,0.0,56525.96082518583,0.0,0.0,0.0,0.0,18841.986941728075,0.0,0.0,9420.993470864038,37683.97388345615,0.0,28262.980412592115,329734.7714802413,0.0,348576.75842196937,0.0,28262.980412592115,0.0,0.0,0.0,0.0,0.0,141314.90206296055,0.0,0.0,0.0,12561.324627819458,0.0,25122.649255638917,25122.649255638917,0.0,12561.324627819458,50245.29851127783,0.0,163297.22016165295,615504.9067631535,0.0,741118.1530413481,0.0,50245.29851127783,0.0,0.0,0.0,0.0,0.0,263787.8171842086,0.0
24,117.764,39.1587,0.0,0.0,0.0,0.0,0.0,0.0,0.0,0.0,0.0,0.0,0.0,0.0,0.0,0.0,0.0,0.0,0.0,0.0,0.0,0.0,0.0,0.0,628.066231390312,0.0,0.0,0.0,0.0,0.0,0.0,0.0,0.0,0.0,0.0,0.0,0.0,0.0,0.0,0.0,0.0,0.0,0.0,21982.318098680553,0.0,0.0,0.0,0.0,9420.993470863094,0.0,0.0,0.0,0.0,0.0,0.0,0.0,0.0,0.0,0.0,0.0,0.0,0.0,0.0,119332.58396428119,0.0,0.0,43964.63619736675,0.0,56525.96082518583,0.0,0.0,0.0,0.0,0.0,0.0,0.0,0.0,0.0,0.0,0.0,0.0,0.0,37683.97388345615,0.0,207261.85635900882,47104.967354320186,0.0,75367.9477669123,0.0,235524.83677160094,0.0,0.0,0.0,0.0,0.0,9420.993470864038,0.0,0.0,0.0,0.0,0.0,0.0,0.0,0.0,0.0,100490.59702255567,0.0,364278.4142067643,200981.19404511133,0.0,113051.92165037512,0.0,816486.1008082648,0.0,0.0,0.0,0.0,0.0,12561.324627819458,0.0
25,117.157,38.9194,0.0,0.0,0.0,0.0,0.0,0.0,0.0,0.0,0.0,0.0,0.0,0.0,0.0,0.0,0.0,0.0,0.0,0.0,0.0,0.0,0.0,0.0,0.0,0.0,0.0,0.0,0.0,0.0,0.0,0.0,0.0,628.0662313902801,0.0,0.0,0.0,0.0,0.0,0.0,0.0,0.0,0.0,0.0,0.0,0.0,0.0,0.0,6280.662313908721,0.0,0.0,0.0,0.0,3140.3311569543607,0.0,0.0,0.0,0.0,0.0,0.0,0.0,0.0,0.0,0.0,0.0,0.0,0.0,0.0,12561.324627819089,0.0,0.0,0.0,0.0,6280.6623139095445,0.0,0.0,0.0,0.0,0.0,0.0,0.0,0.0,0.0,0.0,94209.93470864114,0.0,0.0,0.0,0.0,47104.96735432057,0.0,0.0,0.0,37683.973883456456,0.0,28262.98041259234,0.0,0.0,0.0,0.0,0.0,0.0,0.0,0.0,0.0,0.0,0.0,376839.73883458483,0.0,0.0,0.0,0.0,251226.4925563899,0.0,0.0,0.0,125613.24627819494,0.0,50245.29851127798,0.0
26,118.1662,39.6308,0.0,0.0,0.0,0.0,0.0,0.0,314.03311569568194,0.0,0.0,314.03311569568194,0.0,314.03311569568194,0.0,0.0,0.0,0.0,0.0,0.0,0.0,0.0,0.0,0.0,1256.132462780624,0.0,0.0,5024.529851122496,0.0,628.066231390312,0.0,0.0,0.0,0.0,3140.331156954365,12561.32462781746,216682.84982985118,0.0,0.0,0.0,0.0,18841.986941726187,9420.993470863094,65946.95429604166,0.0,0.0,141314.9020629464,0.0,12561.32462781746,0.0,0.0,0.0,0.0,0.0,43964.63619736675,458488.34891539614,1287535.774351455,0.0,0.0,37683.97388345722,37683.97388345722,163297.22016164794,50245.29851127629,364278.41420675314,119332.58396428119,0.0,998625.3079116163,25122.649255638145,56525.96082518583,12561.324627819073,0.0,0.0,0.0,18841.98694172861,0.0,160156.88900468865,2336406.3807742815,4079290.172884128,0.0,0.0,65946.95429604826,320313.7780093773,367418.74536369747,84788.94123777634,1017467.294853316,197840.8628881448,28262.980412592115,2722667.1130797067,301471.7910676492,339155.76495110535,37683.97388345615,0.0,0.0,0.0,0.0,47104.967354320186,0.0,0.0,527575.6343684172,4069869.1794135044,8667313.993195426,0.0,0.0,301471.791067667,590382.2575075146,766240.8022969869,200981.19404511133,2173109.160612766,439646.361973681,100490.59702255567,5238072.369800714,477330.33585713943,778802.1269248064,50245.29851127783,0.0,0.0,0.0,0.0,213542.5186729308,0.0
27,118.144,39.643,0.0,0.0,0.0,0.0,0.0,0.0,314.03311569568194,314.03311569568194,0.0,0.0,0.0,0.0,0.0,0.0,0.0,0.0,0.0,0.0,0.0,0.0,0.0,1256.132462780624,628.066231390312,1884.198694170936,0.0,0.0,0.0,0.0,0.0,0.0,0.0,0.0,0.0,3140.331156954365,87929.27239472221,0.0,0.0,0.0,3140.331156954365,6280.66231390873,0.0,37683.973883452374,9420.993470863094,0.0,37683.973883452374,0.0,0.0,0.0,0.0,0.0,0.0,3140.331156954365,0.0,270068.4794981101,640627.5560187727,0.0,0.0,0.0,12561.324627819073,56525.96082518583,6280.662313909536,288910.4664398387,81648.61008082397,12561.324627819073,163297.22016164794,12561.324627819073,0.0,0.0,0.0,0.0,0.0,125613.24627819072,0.0,0.0,612364.5756061624,2440037.308953786,0.0,0.0,0.0,18841.986941728075,244945.830242465,9420.993470864038,1149361.2034454127,226103.84330073692,28262.980412592115,998625.307911588,37683.97388345615,65946.95429604826,0.0,0.0,0.0,0.0,0.0,197840.8628881448,0.0,0.0,0.0,1117957.8918759318,6255539.66465409,0.0,0.0,0.0,75367.94776691675,414523.71271804214,25122.649255638917,2863982.0151428366,703434.1791578897,50245.29851127783,2725807.4442368224,75367.94776691675,288910.46643984754,37683.97388345838,0.0,0.0,0.0,0.0,288910.46643984754,0.0
28,118.1853,39.6407,0.0,0.0,0.0,0.0,0.0,0.0,0.0,0.0,0.0,0.0,0.0,0.0,0.0,0.0,0.0,0.0,0.0,0.0,0.0,0.0,0.0,0.0,0.0,0.0,0.0,0.0,0.0,0.0,0.0,0.0,0.0,0.0,9420.993470863094,34543.642726498016,47104.96735431547,0.0,0.0,0.0,0.0,9420.993470863094,0.0,15701.655784771825,21982.318098680553,12561.32462781746,6280.66231390873,0.0,9420.993470863094,0.0,0.0,0.0,0.0,9420.993470863094,125613.24627819072,376839.7388345722,640627.5560187727,0.0,0.0,62806.62313909536,25122.649255638145,50245.29851127629,0.0,131893.90859210026,62806.62313909536,25122.649255638145,188419.8694172861,18841.98694172861,81648.61008082397,0.0,0.0,0.0,0.0,119332.58396428119,0.0,339155.76495110535,1648673.8574012066,2289301.413419961,0.0,0.0,113051.92165036846,254366.823713329,169577.88247555267,47104.967354320186,489891.66048493,178998.87594641672,75367.9477669123,1413149.0206296057,141314.90206296055,348576.75842196937,9420.993470864038,0.0,0.0,0.0,0.0,226103.84330073692,0.0,0.0,527575.6343684172,3341312.350999976,6519327.481838299,0.0,0.0,251226.49255638916,376839.7388345837,401962.38809022267,113051.92165037512,1532481.6045939738,401962.38809022267,100490.59702255567,3542293.545045087,263787.8171842086,841608.7500639037,75367.94776691675,0.0,0.0,0.0,0.0,401962.38809022267,0.0
29,118.2185,39.6679,0.0,0.0,0.0,0.0,0.0,0.0,0.0,0.0,0.0,0.0,0.0,0.0,0.0,0.0,0.0,0.0,0.0,0.0,0.0,0.0,0.0,0.0,0.0,0.0,0.0,0.0,0.0,0.0,0.0,0.0,0.0,0.0,0.0,0.0,0.0,0.0,0.0,0.0,0.0,0.0,0.0,3140.331156954365,0.0,0.0,0.0,0.0,0.0,0.0,0.0,0.0,0.0,6280.66231390873,0.0,18841.98694172861,50245.29851127629,0.0,0.0,0.0,0.0,31403.31156954768,0.0,43964.63619736675,12561.324627819073,0.0,69087.2854530049,0.0,6280.662313909536,0.0,0.0,0.0,0.0,182139.20710337657,0.0,0.0,405102.7192471536,819626.4319651712,0.0,0.0,0.0,18841.986941728075,84788.94123777634,0.0,216682.84982987287,18841.986941728075,0.0,339155.76495110535,0.0,37683.97388345615,0.0,0.0,0.0,0.0,0.0,499312.653955794,0.0,0.0,0.0,829047.4254360843,2034934.5897067522,0.0,0.0,25122.649255638917,37683.97388345838,251226.49255638916,0.0,502452.9851127783,113051.92165037512,0.0,854170.0746917232,0.0,175858.54478947242,0.0,0.0,0.0,0.0,0.0,803924.7761804453,0.0
30,118.1838,39.65782,0.0,0.0,0.0,0.0,0.0,0.0,0.0,0.0,0.0,0.0,0.0,0.0,0.0,0.0,0.0,0.0,0.0,1884.198694170936,0.0,0.0,0.0,0.0,0.0,0.0,0.0,0.0,0.0,628.066231390312,0.0,0.0,0.0,628.066231390312,3140.331156954365,116192.2528073115,97350.26586558532,0.0,0.0,0.0,6280.66231390873,0.0,0.0,28262.980412589284,37683.973883452374,0.0,43964.636197361106,0.0,25122.64925563492,0.0,0.0,0.0,0.0,25122.64925563492,25122.649255638145,389401.06346239126,1293816.4366653645,0.0,0.0,0.0,31403.31156954768,31403.31156954768,0.0,238665.16792856238,106771.25933646211,6280.662313909536,307752.45338156726,0.0,87929.2723947335,0.0,0.0,0.0,0.0,69087.2854530049,0.0,47104.967354320186,970362.3274989958,4861232.630965844,0.0,0.0,84788.94123777634,122472.9151212325,197840.8628881448,37683.97388345615,866731.3993194915,207261.85635900882,28262.980412592115,885573.3862612195,18841.986941728075,273208.8106550571,0.0,0.0,0.0,0.0,0.0,141314.90206296055,0.0,0.0,100490.59702255567,2135425.1867293078,10224918.247045038,0.0,0.0,113051.92165037512,213542.5186729308,414523.71271804214,75367.94776691675,1972127.9665676549,552698.2836240561,138174.57090601404,2537387.5748195304,37683.97388345838,753679.4776691674,12561.324627819458,0.0,0.0,0.0,0.0,376839.7388345837,0.0
31,118.1997,39.6295,0.0,0.0,314.03311569568194,0.0,0.0,0.0,314.03311569568194,0.0,0.0,628.0662313913639,0.0,314.03311569568194,0.0,0.0,0.0,0.0,0.0,0.0,2512.264925561248,0.0,0.0,0.0,628.066231390312,0.0,0.0,1884.198694170936,0.0,628.066231390312,0.0,0.0,0.0,628.066231390312,0.0,0.0,69087.28545299603,0.0,0.0,0.0,0.0,12561.32462781746,6280.66231390873,31403.31156954365,3140.331156954365,0.0,81648.61008081348,3140.331156954365,12561.32462781746,0.0,0.0,0.0,0.0,9420.993470863094,43964.63619736675,182139.20710337657,565259.6082518583,0.0,0.0,6280.662313909536,31403.31156954768,232384.50561465285,87929.2723947335,169577.88247555748,43964.63619736675,0.0,464769.0112293057,25122.649255638145,138174.5709060098,43964.63619736675,0.0,0.0,0.0,106771.25933646211,0.0,244945.830242465,1083414.2491493644,2044355.5831774962,0.0,0.0,56525.96082518423,188419.86941728074,423944.7061888817,131893.90859209653,442786.69313060975,113051.92165036846,0.0,1224729.1512123249,113051.92165036846,339155.76495110535,65946.95429604826,0.0,0.0,0.0,0.0,244945.830242465,0.0,0.0,439646.361973681,2173109.160612766,4434147.593620269,0.0,0.0,138174.57090601404,301471.791067667,829047.4254360843,339155.76495112537,1168203.1903872096,213542.5186729308,0.0,2587632.8733308082,188419.86941729186,778802.1269248064,87929.27239473621,0.0,0.0,0.0,0.0,515014.3097405978,0.0
32,119.5259,39.8283,0.0,0.0,0.0,0.0,0.0,0.0,0.0,0.0,0.0,0.0,0.0,0.0,0.0,0.0,0.0,0.0,0.0,0.0,0.0,0.0,0.0,0.0,0.0,0.0,0.0,0.0,0.0,0.0,0.0,0.0,0.0,0.0,0.0,12561.32462781746,0.0,0.0,0.0,0.0,0.0,0.0,0.0,12561.32462781746,21982.318098680553,0.0,0.0,0.0,0.0,0.0,0.0,0.0,0.0,0.0,0.0,113051.92165037166,0.0,0.0,0.0,0.0,0.0,0.0,0.0,150735.89553382888,69087.2854530049,0.0,37683.97388345722,0.0,6280.662313909536,0.0,0.0,0.0,0.0,6280.662313909536,62806.62313909536,0.0,329734.7714802413,0.0,0.0,0.0,0.0,0.0,47104.967354320186,0.0,395681.7257762896,188419.86941728074,9420.993470864038,207261.85635900882,0.0,28262.980412592115,0.0,0.0,0.0,0.0,0.0,9420.993470864038,103630.92817950441,0.0,0.0,753679.4776691674,0.0,0.0,0.0,0.0,0.0,138174.57090601404,0.0,615504.9067631535,389401.0634624032,75367.94776691675,376839.7388345837,0.0,62806.62313909729,0.0,0.0,0.0,0.0,0.0,12561.324627819458,175858.54478947242
33,119.7624,40.0181,0.0,0.0,0.0,0.0,0.0,0.0,0.0,0.0,0.0,0.0,0.0,0.0,0.0,0.0,0.0,0.0,0.0,0.0,0.0,0.0,0.0,0.0,0.0,0.0,0.0,0.0,0.0,0.0,0.0,0.0,0.0,0.0,0.0,0.0,0.0,0.0,0.0,0.0,0.0,0.0,0.0,0.0,0.0,0.0,0.0,0.0,0.0,0.0,0.0,0.0,0.0,0.0,0.0,0.0,0.0,0.0,0.0,0.0,0.0,0.0,0.0,0.0,0.0,0.0,56525.96082518583,0.0,37683.97388345722,0.0,0.0,25122.649255638145,6280.662313909536,0.0,0.0,0.0,9420.993470864038,0.0,56525.96082518423,0.0,0.0,0.0,18841.986941728075,0.0,150735.8955338246,0.0,0.0,348576.75842196937,0.0,103630.92817950441,0.0,0.0,0.0,141314.90206296055,18841.986941728075,28262.980412592115,0.0,0.0,0.0,175858.54478947242,0.0,150735.8955338335,0.0,12561.324627819458,25122.649255638917,75367.94776691675,0.0,879292.723947362,0.0,0.0,1130519.2165037512,0.0,263787.8171842086,0.0,0.0,0.0,213542.5186729308,25122.649255638917,75367.94776691675,0.0
34,119.6023,39.9567,0.0,0.0,0.0,0.0,0.0,0.0,0.0,0.0,0.0,0.0,0.0,0.0,0.0,0.0,0.0,314.03311569568194,0.0,0.0,0.0,0.0,0.0,0.0,0.0,0.0,0.0,0.0,0.0,0.0,0.0,0.0,0.0,628.066231390312,0.0,0.0,0.0,0.0,0.0,0.0,0.0,9420.993470863094,0.0,15701.655784771825,3140.331156954365,0.0,0.0,0.0,0.0,0.0,0.0,0.0,0.0,18841.986941726187,0.0,0.0,0.0,0.0,0.0,0.0,0.0,113051.92165037166,25122.649255638145,62806.62313909536,18841.98694172861,0.0,0.0,0.0,0.0,0.0,0.0,0.0,0.0,50245.29851127629,0.0,0.0,0.0,0.0,0.0,0.0,0.0,0.0,339155.76495110535,37683.97388345615,188419.86941728074,178998.87594641672,0.0,0.0,0.0,0.0,0.0,0.0,0.0,0.0,0.0,75367.9477669123,0.0,0.0,0.0,0.0,0.0,0.0,0.0,0.0,0.0,489891.66048495885,75367.94776691675,414523.71271804214,351717.08957894484,75367.94776691675,12561.324627819458,0.0,25122.649255638917,0.0,0.0,0.0,37683.97388345838,0.0,100490.59702255567,0.0
35,119.607,39.9358,0.0,0.0,0.0,0.0,0.0,0.0,0.0,0.0,0.0,0.0,0.0,0.0,0.0,0.0,0.0,0.0,0.0,0.0,0.0,0.0,0.0,0.0,0.0,0.0,0.0,0.0,0.0,0.0,0.0,0.0,0.0,0.0,0.0,0.0,0.0,0.0,0.0,0.0,0.0,18841.986941726187,0.0,3140.331156954365,9420.993470863094,0.0,3140.331156954365,0.0,0.0,0.0,0.0,0.0,0.0,0.0,0.0,6280.662313909536,0.0,0.0,0.0,0.0,0.0,50245.29851127629,0.0,25122.649255638145,87929.2723947335,25122.649255638145,62806.62313909536,0.0,6280.662313909536,0.0,0.0,25122.649255638145,0.0,0.0,0.0,0.0,37683.97388345615,0.0,0.0,0.0,0.0,0.0,235524.83677160094,56525.96082518423,141314.90206296055,226103.84330073692,37683.97388345615,141314.90206296055,56525.96082518423,28262.980412592115,0.0,0.0,0.0,84788.94123777634,0.0,9420.993470864038,0.0,0.0,0.0,75367.94776691675,0.0,0.0,0.0,0.0,0.0,527575.6343684172,100490.59702255567,414523.71271804214,427085.0373458616,50245.29851127783,339155.76495112537,125613.24627819458,37683.97388345838,0.0,0.0,0.0,163297.22016165295,0.0,37683.97388345838,0.0
36,119.5369,39.9419,0.0,0.0,0.0,0.0,0.0,0.0,0.0,0.0,0.0,0.0,0.0,0.0,0.0,0.0,0.0,0.0,0.0,0.0,0.0,0.0,0.0,0.0,628.066231390312,0.0,0.0,0.0,0.0,0.0,0.0,0.0,0.0,1256.132462780624,0.0,0.0,0.0,0.0,0.0,0.0,0.0,18841.986941726187,0.0,9420.993470863094,0.0,0.0,0.0,0.0,18841.986941726187,0.0,0.0,0.0,0.0,9420.993470863094,0.0,6280.662313909536,0.0,0.0,0.0,0.0,0.0,50245.29851127629,0.0,25122.649255638145,0.0,0.0,0.0,0.0,62806.62313909536,0.0,0.0,12561.324627819073,0.0,50245.29851127629,12561.324627819073,37683.97388345615,9420.993470864038,0.0,0.0,0.0,0.0,0.0,94209.93470864037,0.0,94209.93470864037,47104.967354320186,0.0,122472.9151212325,0.0,169577.88247555267,0.0,0.0,0.0,94209.93470864037,18841.986941728075,75367.9477669123,18841.986941728075,0.0,50245.29851127783,37683.97388345838,0.0,0.0,0.0,0.0,0.0,150735.8955338335,0.0,263787.8171842086,113051.92165037512,0.0,251226.49255638916,0.0,339155.76495112537,0.0,0.0,0.0,326594.4403233059,25122.649255638917,125613.24627819458,25122.649255638917
37,114.5129,36.61763,0.0,0.0,0.0,0.0,0.0,0.0,0.0,0.0,0.0,0.0,0.0,0.0,0.0,0.0,0.0,0.0,0.0,0.0,0.0,0.0,0.0,0.0,0.0,0.0,0.0,0.0,0.0,0.0,0.0,0.0,0.0,0.0,0.0,0.0,0.0,0.0,0.0,0.0,0.0,6280.662313909536,0.0,3140.331156954768,0.0,0.0,0.0,0.0,12561.324627819073,0.0,0.0,0.0,0.0,0.0,0.0,0.0,0.0,0.0,0.0,0.0,6280.662313909729,62806.62313909729,0.0,31403.311569548645,25122.649255638917,0.0,0.0,0.0,56525.96082518756,0.0,0.0,0.0,0.0,0.0,0.0,0.0,0.0,0.0,0.0,0.0,0.0,9420.993470864429,197840.862888153,0.0,113051.92165037314,113051.92165037314,0.0,9420.993470864429,0.0,169577.88247555972,0.0,0.0,0.0,0.0,0.0,18841.986941728857,0.0,0.0,0.0,0.0,0.0,0.0,0.0,0.0,12561.32462781898,339155.76495111245,0.0,414523.71271802636,200981.19404510368,0.0,25122.64925563796,0.0,326594.4403232935,0.0,0.0,0.0,75367.94776691389,113051.92165037082,125613.24627818979,0.0
38,114.5426,36.6164,0.0,0.0,0.0,0.0,0.0,0.0,0.0,0.0,0.0,0.0,0.0,0.0,0.0,0.0,0.0,0.0,0.0,0.0,0.0,0.0,0.0,0.0,0.0,0.0,0.0,0.0,0.0,0.0,0.0,0.0,0.0,0.0,0.0,0.0,0.0,18841.98694172861,0.0,0.0,0.0,0.0,0.0,0.0,15701.65578477384,0.0,0.0,0.0,3140.331156954768,0.0,0.0,0.0,0.0,0.0,0.0,0.0,0.0,75367.94776691675,0.0,0.0,0.0,0.0,0.0,62806.62313909729,75367.94776691675,0.0,0.0,0.0,12561.324627819458,0.0,0.0,12561.324627819458,0.0,12561.324627819458,0.0,0.0,0.0,0.0,150735.89553383086,0.0,0.0,0.0,131893.908592102,0.0,357997.7518928483,150735.89553383086,0.0,18841.986941728857,0.0,169577.88247555972,0.0,0.0,0.0,75367.94776691543,178998.87594642414,47104.96735432214,0.0,0.0,0.0,0.0,0.0,251226.49255637958,0.0,0.0,0.0,200981.19404510368,0.0,653188.880646587,226103.84330074163,0.0,25122.64925563796,0.0,301471.79106765555,0.0,0.0,0.0,150735.89553382777,288910.46643983654,62806.623139094896,0.0
39,114.5035,36.5776,0.0,0.0,0.0,0.0,0.0,0.0,0.0,0.0,0.0,0.0,0.0,0.0,0.0,0.0,0.0,0.0,0.0,0.0,0.0,0.0,0.0,0.0,0.0,0.0,0.0,0.0,0.0,0.0,0.0,0.0,0.0,0.0,0.0,0.0,0.0,0.0,0.0,0.0,0.0,12561.324627819073,0.0,3140.331156954768,6280.662313909536,0.0,0.0,0.0,6280.662313909536,0.0,0.0,6280.662313909536,0.0,0.0,0.0,0.0,0.0,0.0,0.0,0.0,0.0,43964.636197368105,12561.324627819458,18841.98694172919,37683.97388345838,0.0,0.0,0.0,37683.97388345838,0.0,0.0,12561.324627819458,0.0,0.0,0.0,0.0,0.0,0.0,0.0,0.0,0.0,0.0,226103.8433007463,94209.93470864429,141314.90206296643,113051.92165037314,0.0,0.0,0.0,103630.92817950872,0.0,0.0,0.0,47104.96735432214,0.0,0.0,0.0,0.0,0.0,0.0,0.0,0.0,0.0,0.0,0.0,401962.38809020736,238665.1679285606,364278.4142067504,200981.19404510368,0.0,12561.32462781898,0.0,175858.54478946573,0.0,0.0,0.0,62806.623139094896,0.0,25122.64925563796,0.0
40,114.4965,36.61981,0.0,0.0,0.0,0.0,0.0,0.0,0.0,0.0,0.0,0.0,0.0,0.0,0.0,0.0,0.0,0.0,0.0,0.0,0.0,0.0,0.0,0.0,0.0,0.0,0.0,0.0,0.0,0.0,0.0,0.0,0.0,0.0,0.0,0.0,0.0,0.0,0.0,0.0,0.0,0.0,0.0,18841.98694172861,0.0,0.0,0.0,0.0,12561.324627819073,0.0,0.0,0.0,0.0,9420.993470864305,0.0,0.0,0.0,0.0,0.0,0.0,6280.662313909729,69087.28545300702,0.0,62806.62313909729,37683.97388345838,0.0,31403.311569548645,0.0,56525.96082518756,0.0,0.0,0.0,0.0,25122.649255638917,0.0,0.0,28262.980412593286,0.0,0.0,0.0,0.0,18841.986941728857,169577.88247555972,0.0,226103.8433007463,103630.92817950872,0.0,113051.92165037314,0.0,141314.90206296643,0.0,0.0,0.0,0.0,0.0,47104.96735432214,0.0,0.0,0.0,37683.97388345694,0.0,0.0,0.0,0.0,37683.97388345694,339155.76495111245,0.0,690872.8545300439,163297.22016164675,0.0,163297.22016164675,0.0,276349.14181201754,0.0,0.0,0.0,0.0,0.0,138174.57090600877,0.0
41,115.493,38.8632,0.0,0.0,0.0,0.0,0.0,0.0,314.0331156956783,0.0,0.0,0.0,0.0,0.0,0.0,0.0,0.0,0.0,0.0,0.0,0.0,0.0,0.0,0.0,1256.1324627805602,0.0,0.0,0.0,0.0,0.0,0.0,0.0,0.0,0.0,0.0,9420.993470863083,0.0,0.0,0.0,0.0,6280.662313908721,0.0,0.0,37683.97388345233,3140.3311569543607,0.0,0.0,0.0,21982.318098680524,0.0,0.0,0.0,0.0,9420.993470863083,0.0,157016.55784773862,0.0,0.0,0.0,0.0,62806.62313909545,37683.97388345726,0.0,207261.85635901496,94209.93470864317,0.0,0.0,12561.324627819089,100490.59702255271,0.0,0.0,0.0,0.0,69087.285453005,0.0,0.0,254366.82371333108,0.0,0.0,0.0,0.0,94209.93470864114,84788.94123777702,0.0,433365.6996597492,226103.84330073872,0.0,65946.9542960488,18841.986941728228,282629.80412592343,0.0,0.0,0.0,0.0,0.0,160156.88900468993,0.0,0.0,0.0,414523.7127180433,0.0,0.0,0.0,0.0,125613.24627819494,213542.51867293142,0.0,1067712.5933646571,376839.73883458483,0.0,226103.84330075092,25122.64925563899,565259.6082518772,0.0,0.0,0.0,0.0,0.0,276349.1418120289,0.0
42,115.5223,38.8957,0.0,0.0,0.0,0.0,0.0,0.0,0.0,0.0,0.0,0.0,0.0,0.0,0.0,0.0,0.0,0.0,0.0,0.0,0.0,0.0,0.0,0.0,0.0,0.0,0.0,0.0,0.0,0.0,0.0,0.0,0.0,0.0,0.0,0.0,0.0,0.0,0.0,0.0,0.0,6280.662313908721,0.0,0.0,0.0,0.0,0.0,0.0,0.0,0.0,0.0,0.0,0.0,0.0,0.0,0.0,0.0,0.0,0.0,0.0,0.0,75367.94776691453,0.0,0.0,50245.298511276356,0.0,6280.6623139095445,0.0,37683.97388345726,0.0,0.0,0.0,0.0,0.0,0.0,0.0,0.0,0.0,0.0,0.0,0.0,0.0,113051.92165036936,0.0,28262.98041259234,94209.93470864114,0.0,18841.986941728228,0.0,103630.92817950525,0.0,0.0,0.0,0.0,0.0,18841.986941728228,0.0,0.0,0.0,0.0,0.0,0.0,0.0,0.0,0.0,175858.54478947291,0.0,125613.24627819494,125613.24627819494,0.0,25122.64925563899,0.0,238665.1679285704,0.0,0.0,0.0,25122.64925563899,0.0,87929.27239473646,0.0
43,115.4713,38.9108,0.0,0.0,0.0,0.0,0.0,0.0,0.0,0.0,0.0,0.0,0.0,0.0,0.0,0.0,0.0,0.0,0.0,0.0,0.0,0.0,0.0,0.0,0.0,0.0,0.0,0.0,0.0,0.0,0.0,0.0,0.0,628.0662313902801,0.0,0.0,0.0,0.0,0.0,0.0,0.0,6280.662313908721,0.0,3140.3311569543607,21982.318098680524,0.0,0.0,0.0,12561.324627817443,0.0,0.0,0.0,0.0,6280.662313908721,0.0,0.0,0.0,0.0,0.0,0.0,0.0,81648.61008082407,0.0,6280.6623139095445,43964.63619736681,0.0,0.0,0.0,43964.63619736681,0.0,0.0,0.0,0.0,31403.311569547725,0.0,0.0,0.0,18841.986941728228,0.0,0.0,0.0,0.0,207261.8563590105,28262.98041259234,18841.986941728228,169577.88247555404,0.0,0.0,0.0,169577.88247555404,0.0,0.0,0.0,0.0,0.0,131893.9085920976,0.0,0.0,0.0,0.0,37683.973883458486,0.0,0.0,0.0,0.0,376839.73883458483,50245.29851127798,62806.62313909747,351717.08957894583,0.0,25122.64925563899,0.0,389401.06346240436,0.0,0.0,0.0,0.0,0.0,188419.86941729242,0.0
44,115.4612,38.8416,0.0,314.0331156956783,0.0,0.0,0.0,628.0662313913566,0.0,0.0,0.0,0.0,0.0,0.0,0.0,0.0,0.0,0.0,0.0,1256.1324627805602,0.0,0.0,0.0,1256.1324627805602,0.0,0.0,0.0,0.0,0.0,0.0,0.0,0.0,0.0,628.0662313902801,0.0,18841.986941726165,0.0,0.0,0.0,0.0,0.0,6280.662313908721,0.0,18841.986941726165,0.0,0.0,3140.3311569543607,0.0,3140.3311569543607,0.0,0.0,0.0,0.0,21982.318098680524,0.0,207261.85635901496,0.0,0.0,0.0,0.0,0.0,56525.9608251859,25122.649255638178,276349.14181202,12561.324627819089,0.0,43964.63619736681,0.0,62806.62313909545,6280.6623139095445,0.0,0.0,0.0,81648.61008082407,0.0,0.0,376839.7388345646,9420.993470864114,0.0,0.0,0.0,0.0,84788.94123777702,37683.973883456456,518154.6408975263,84788.94123777702,37683.973883456456,75367.94776691291,0.0,263787.8171841952,18841.986941728228,0.0,0.0,0.0,0.0,282629.80412592343,0.0,0.0,0.0,665750.2052744332,62806.62313909747,0.0,0.0,0.0,50245.29851127798,175858.54478947291,50245.29851127798,1055151.2687368377,226103.84330075092,75367.94776691697,200981.19404511192,0.0,464769.0112293213,25122.64925563899,0.0,0.0,0.0,0.0,464769.0112293213,0.0
45,115.442,38.8756,0.0,0.0,0.0,0.0,0.0,0.0,0.0,0.0,0.0,0.0,0.0,0.0,0.0,0.0,0.0,0.0,0.0,0.0,0.0,0.0,0.0,0.0,0.0,0.0,0.0,0.0,0.0,0.0,0.0,0.0,0.0,0.0,0.0,0.0,0.0,0.0,0.0,0.0,0.0,0.0,0.0,6280.662313908721,28262.980412589248,0.0,0.0,0.0,3140.3311569543607,0.0,0.0,0.0,0.0,0.0,0.0,0.0,18841.98694172863,0.0,0.0,0.0,0.0,69087.285453005,0.0,25122.649255638178,56525.9608251859,0.0,0.0,0.0,12561.324627819089,0.0,0.0,0.0,0.0,0.0,0.0,0.0,56525.96082518468,47104.96735432057,0.0,0.0,0.0,18841.986941728228,122472.91512123348,0.0,122472.91512123348,84788.94123777702,0.0,0.0,0.0,65946.9542960488,0.0,0.0,0.0,0.0,0.0,9420.993470864114,0.0,0.0,0.0,288910.46643984836,62806.62313909747,0.0,0.0,0.0,87929.27239473646,339155.76495112636,0.0,376839.73883458483,138174.57090601444,0.0,0.0,0.0,150735.89553383394,0.0,0.0,0.0,0.0,0.0,37683.973883458486,0.0
46,114.8985,40.8367,0.0,0.0,0.0,0.0,0.0,0.0,0.0,0.0,0.0,0.0,0.0,0.0,0.0,0.0,0.0,0.0,0.0,0.0,0.0,0.0,0.0,0.0,0.0,0.0,0.0,0.0,0.0,0.0,0.0,0.0,0.0,0.0,0.0,0.0,0.0,0.0,0.0,25122.649255634886,0.0,0.0,0.0,0.0,3140.3311569543607,0.0,15701.655784771803,0.0,0.0,0.0,0.0,12561.324627817443,0.0,3140.3311569543607,0.0,31403.311569547725,0.0,0.0,0.0,182139.2071033768,12561.324627819089,169577.8824755577,0.0,150735.89553382905,69087.285453005,0.0,270068.4794981104,0.0,37683.97388345726,0.0,6280.6623139095445,100490.59702255271,0.0,31403.311569547725,0.0,0.0,339155.7649511081,0.0,0.0,0.0,527575.6343683904,536996.6278392544,414523.712718021,18841.986941728228,1950145.6484688716,216682.8498298746,0.0,725416.4972565367,160156.88900468993,235524.83677160286,0.0,18841.986941728228,0.0,188419.8694172823,0.0,357997.75189283636,0.0,0.0,0.0,816486.1008082671,0.0,0.0,0.0,854170.0746917257,803924.7761804477,766240.8022969891,25122.64925563899,4949161.903360881,326594.4403233069,0.0,2323845.0561466063,276349.1418120289,690872.8545300722,12561.324627819495,75367.94776691697,0.0,401962.38809022383,25122.64925563899,741118.1530413502,0.0
47,114.892,40.79481,0.0,0.0,0.0,0.0,0.0,0.0,628.0662313913566,0.0,0.0,0.0,0.0,0.0,0.0,0.0,0.0,0.0,0.0,0.0,0.0,0.0,0.0,0.0,3768.3973883416807,0.0,0.0,0.0,0.0,0.0,0.0,0.0,0.0,0.0,0.0,3140.3311569543607,0.0,0.0,0.0,0.0,3140.3311569543607,34543.642726497965,0.0,113051.92165035699,47104.96735431541,0.0,91069.60355167647,0.0,53385.62966822413,0.0,3140.3311569543607,12561.324627817443,0.0,21982.318098680524,0.0,207261.85635901496,0.0,0.0,0.0,0.0,6280.6623139095445,125613.2462781909,0.0,1243571.13815409,144455.23321991952,0.0,558978.9459379495,0.0,131893.90859210043,0.0,12561.324627819089,37683.97388345726,0.0,138174.57090601,0.0,0.0,857310.4058486344,0.0,0.0,0.0,18841.986941728228,65946.9542960488,226103.84330073872,0.0,3080664.8649725653,461628.6800723416,56525.96082518468,1516779.9488091224,47104.96735432057,508733.64742666215,0.0,18841.986941728228,0.0,75367.94776691291,0.0,329734.771480244,0.0,0.0,0.0,1369184.384432325,0.0,0.0,0.0,37683.973883458486,125613.24627819494,552698.2836240578,0.0,8014125.112548837,1143080.541131574,87929.27239473646,3378996.3248834442,87929.27239473646,1042589.9441090181,0.0,25122.64925563899,0.0,100490.59702255596,0.0,904415.3732030037,0.0
48,114.8814,40.8115,0.0,0.0,0.0,0.0,0.0,0.0,1256.1324627827132,2826.2980412611046,314.0331156956783,0.0,0.0,314.0331156956783,0.0,0.0,0.0,0.0,0.0,628.0662313902801,0.0,0.0,0.0,0.0,4396.4636197319605,5652.596082512521,1256.1324627805602,2512.2649255611204,0.0,628.0662313902801,0.0,0.0,0.0,0.0,0.0,9420.993470863083,0.0,0.0,0.0,6280.662313908721,6280.662313908721,0.0,0.0,464769.0112292454,75367.94776690466,6280.662313908721,194700.53173117037,3140.3311569543607,53385.62966822413,0.0,0.0,6280.662313908721,0.0,43964.63619736105,0.0,552698.28362404,0.0,0.0,0.0,18841.98694172863,144455.23321991952,150735.89553382905,0.0,2047495.9143345116,389401.0634623918,56525.9608251859,898134.7108890648,56525.9608251859,288910.46643983905,0.0,0.0,50245.298511276356,0.0,194700.5317311959,0.0,0.0,1488516.96839653,0.0,0.0,0.0,150735.89553382582,329734.771480244,301471.79106765165,0.0,5680859.062931061,772521.4646108573,84788.94123777702,2619036.1849002237,122472.91512123348,659469.542960488,0.0,0.0,0.0,103630.92817950525,0.0,499312.653955798,0.0,0.0,0.0,2838859.3658872056,0.0,0.0,0.0,276349.1418120289,464769.0112293213,829047.4254360866,0.0,14131490.206296932,1532481.6045939783,113051.92165037546,5514421.511612758,791363.4515526282,1695778.8247556319,12561.324627819495,0.0,0.0,213542.51867293142,25122.64925563899,1180764.5150150326,0.0
49,114.9032,40.7688,0.0,0.0,0.0,0.0,0.0,0.0,0.0,0.0,0.0,0.0,0.0,628.0662313913566,0.0,0.0,0.0,0.0,0.0,0.0,0.0,0.0,0.0,0.0,628.0662313902801,0.0,0.0,0.0,0.0,3140.3311569514008,0.0,0.0,0.0,0.0,0.0,0.0,0.0,0.0,0.0,0.0,0.0,6280.662313908721,0.0,43964.63619736105,9420.993470863083,0.0,6280.662313908721,0.0,53385.62966822413,0.0,0.0,0.0,0.0,3140.3311569543607,0.0,0.0,0.0,0.0,0.0,213542.51867292452,0.0,69087.285453005,0.0,207261.85635901496,119332.58396428135,0.0,238665.1679285627,0.0,219823.18098683405,0.0,6280.6623139095445,25122.649255638178,25122.649255638178,50245.298511276356,0.0,28262.98041259234,122472.91512123348,0.0,0.0,0.0,659469.542960488,0.0,405102.7192471569,0.0,715995.5037856727,273208.8106550593,0.0,1347202.0663335682,0.0,518154.6408975263,0.0,9420.993470864114,0.0,37683.973883456456,113051.92165036936,282629.80412592343,0.0,0.0,62806.62313909747,351717.08957894583,0.0,0.0,0.0,967221.9963421011,0.0,803924.7761804477,100490.59702255596,1557604.2538496174,489891.6604849603,0.0,2851420.6905150255,0.0,1557604.2538496174,0.0,62806.62313909747,0.0,50245.29851127798,200981.19404511192,1218448.488898491,0.0
50,114.904,40.8725,0.0,0.0,0.0,0.0,0.0,0.0,0.0,0.0,0.0,0.0,0.0,0.0,0.0,0.0,0.0,0.0,0.0,0.0,0.0,0.0,0.0,0.0,0.0,0.0,0.0,0.0,0.0,0.0,0.0,0.0,0.0,0.0,0.0,0.0,0.0,0.0,0.0,0.0,0.0,12561.324627817443,0.0,0.0,0.0,0.0,0.0,0.0,0.0,0.0,0.0,0.0,0.0,9420.993470863083,0.0,0.0,0.0,0.0,0.0,0.0,0.0,50245.298511276356,0.0,0.0,0.0,0.0,6280.6623139095445,0.0,25122.649255638178,0.0,0.0,0.0,0.0,50245.298511276356,0.0,0.0,0.0,0.0,0.0,0.0,0.0,0.0,122472.91512123348,0.0,0.0,0.0,0.0,9420.993470864114,0.0,94209.93470864114,0.0,0.0,0.0,0.0,0.0,150735.89553382582,0.0,0.0,0.0,0.0,0.0,0.0,0.0,0.0,0.0,200981.19404511192,0.0,0.0,0.0,0.0,75367.94776691697,0.0,163297.22016165344,0.0,0.0,0.0,0.0,0.0,238665.1679285704,0.0
51,117.9664,40.9161,0.0,0.0,0.0,0.0,0.0,0.0,0.0,0.0,0.0,0.0,0.0,0.0,0.0,0.0,0.0,0.0,0.0,0.0,0.0,0.0,0.0,0.0,0.0,0.0,0.0,0.0,0.0,0.0,0.0,0.0,0.0,0.0,0.0,0.0,0.0,12561.32462781746,0.0,0.0,0.0,0.0,0.0,0.0,3140.331156954365,0.0,0.0,0.0,6280.66231390873,0.0,0.0,0.0,0.0,6280.66231390873,0.0,0.0,0.0,62806.62313909536,0.0,0.0,0.0,0.0,0.0,0.0,6280.662313909536,0.0,12561.324627819073,0.0,100490.59702255258,12561.324627819073,0.0,0.0,0.0,18841.98694172861,0.0,0.0,9420.993470864038,0.0,131893.90859209653,84788.94123777634,0.0,0.0,18841.986941728075,0.0,0.0,9420.993470864038,0.0,178998.87594641672,18841.986941728075,160156.88900468865,18841.986941728075,0.0,0.0,75367.9477669123,0.0,84788.94123777634,0.0,0.0,0.0,12561.324627819458,0.0,364278.4142067643,301471.791067667,0.0,0.0,37683.97388345838,0.0,75367.94776691675,138174.57090601404,0.0,389401.0634624032,25122.649255638917,226103.84330075025,25122.649255638917,0.0,0.0,251226.49255638916,0.0,175858.54478947242,0.0
52,117.9525,40.9843,0.0,0.0,0.0,0.0,0.0,0.0,0.0,0.0,0.0,0.0,0.0,0.0,0.0,0.0,0.0,0.0,0.0,0.0,0.0,0.0,0.0,0.0,0.0,0.0,0.0,0.0,0.0,0.0,0.0,0.0,0.0,0.0,0.0,6280.66231390873,0.0,0.0,0.0,0.0,0.0,0.0,0.0,0.0,0.0,0.0,12561.32462781746,0.0,0.0,0.0,0.0,0.0,0.0,12561.32462781746,0.0,69087.2854530049,0.0,0.0,0.0,0.0,0.0,62806.62313909536,0.0,0.0,56525.96082518583,0.0,25122.649255638145,0.0,0.0,0.0,0.0,0.0,0.0,50245.29851127629,0.0,0.0,386260.73230542557,0.0,0.0,0.0,28262.980412592115,0.0,141314.90206296055,0.0,0.0,103630.92817950441,0.0,207261.85635900882,0.0,0.0,0.0,0.0,0.0,0.0,0.0,169577.88247555267,0.0,0.0,0.0,879292.723947362,0.0,0.0,0.0,50245.29851127783,12561.324627819458,226103.84330075025,0.0,150735.8955338335,188419.86941729186,0.0,489891.66048495885,75367.94776691675,50245.29851127783,0.0,0.0,0.0,0.0,0.0,427085.0373458616,0.0
53,117.963,40.9359,0.0,0.0,0.0,0.0,0.0,0.0,0.0,0.0,0.0,0.0,0.0,0.0,0.0,0.0,0.0,0.0,0.0,0.0,0.0,0.0,0.0,0.0,0.0,0.0,0.0,0.0,0.0,0.0,0.0,0.0,0.0,0.0,0.0,0.0,0.0,25122.64925563492,0.0,0.0,0.0,0.0,0.0,9420.993470863094,6280.66231390873,0.0,0.0,0.0,0.0,0.0,0.0,6280.66231390873,0.0,0.0,0.0,0.0,0.0,69087.2854530049,0.0,0.0,0.0,0.0,0.0,18841.98694172861,12561.324627819073,0.0,50245.29851127629,0.0,6280.662313909536,0.0,0.0,25122.649255638145,0.0,31403.31156954768,0.0,0.0,0.0,0.0,150735.8955338246,0.0,0.0,0.0,0.0,0.0,37683.97388345615,18841.986941728075,0.0,160156.88900468865,0.0,28262.980412592115,0.0,0.0,0.0,37683.97388345615,0.0,103630.92817950441,0.0,0.0,37683.97388345838,12561.324627819458,0.0,200981.19404511133,0.0,0.0,0.0,125613.24627819458,0.0,50245.29851127783,50245.29851127783,0.0,389401.0634624032,25122.649255638917,100490.59702255567,0.0,0.0,0.0,125613.24627819458,0.0,213542.5186729308,0.0
54,117.8184,40.9733,0.0,0.0,0.0,0.0,0.0,0.0,0.0,0.0,0.0,0.0,0.0,0.0,0.0,0.0,0.0,0.0,0.0,0.0,0.0,0.0,0.0,0.0,0.0,0.0,0.0,0.0,0.0,0.0,0.0,0.0,0.0,0.0,0.0,0.0,0.0,0.0,0.0,0.0,0.0,6280.66231390873,0.0,0.0,3140.331156954365,0.0,0.0,0.0,0.0,0.0,0.0,0.0,0.0,3140.331156954365,0.0,0.0,0.0,0.0,0.0,0.0,0.0,75367.94776691444,6280.662313909536,18841.98694172861,12561.324627819073,0.0,0.0,0.0,6280.662313909536,0.0,0.0,12561.324627819073,0.0,25122.649255638145,0.0,0.0,0.0,0.0,0.0,0.0,0.0,0.0,131893.90859209653,9420.993470864038,56525.96082518423,18841.986941728075,0.0,75367.9477669123,0.0,9420.993470864038,0.0,0.0,0.0,18841.986941728075,0.0,47104.967354320186,0.0,0.0,0.0,0.0,0.0,0.0,0.0,0.0,0.0,175858.54478947242,12561.324627819458,75367.94776691675,37683.97388345838,0.0,213542.5186729308,0.0,12561.324627819458,0.0,0.0,0.0,25122.649255638917,0.0,113051.92165037512,0.0
55,117.9384,41.0112,0.0,0.0,0.0,0.0,0.0,0.0,0.0,0.0,0.0,0.0,0.0,0.0,0.0,0.0,0.0,0.0,0.0,0.0,0.0,0.0,0.0,0.0,0.0,0.0,0.0,0.0,0.0,0.0,0.0,0.0,0.0,0.0,0.0,0.0,0.0,0.0,0.0,0.0,0.0,0.0,0.0,0.0,0.0,0.0,0.0,0.0,0.0,0.0,0.0,0.0,0.0,6280.66231390873,0.0,12561.324627819073,0.0,0.0,0.0,0.0,6280.662313909536,12561.324627819073,0.0,18841.98694172861,6280.662313909536,0.0,75367.94776691444,0.0,0.0,0.0,0.0,0.0,0.0,37683.97388345722,0.0,0.0,56525.96082518423,0.0,0.0,0.0,9420.993470864038,9420.993470864038,75367.9477669123,0.0,75367.9477669123,9420.993470864038,0.0,216682.84982987287,0.0,0.0,0.0,0.0,0.0,0.0,0.0,94209.93470864037,0.0,0.0,0.0,263787.8171842086,0.0,0.0,0.0,12561.324627819458,25122.649255638917,150735.8955338335,0.0,125613.24627819458,50245.29851127783,0.0,401962.38809022267,0.0,25122.649255638917,0.0,0.0,0.0,0.0,0.0,226103.84330075025,0.0
56,116.6838,39.5178,0.0,0.0,0.0,0.0,0.0,0.0,628.0662313913566,628.0662313913566,0.0,0.0,0.0,628.0662313913566,0.0,0.0,0.0,0.0,0.0,0.0,0.0,0.0,0.0,0.0,1256.1324627805602,1256.1324627805602,0.0,0.0,0.0,1256.1324627805602,0.0,0.0,0.0,0.0,0.0,0.0,0.0,0.0,0.0,0.0,0.0,0.0,0.0,28262.980412589248,6280.662313908721,0.0,0.0,0.0,9420.993470863083,0.0,0.0,0.0,0.0,0.0,0.0,0.0,0.0,0.0,0.0,6280.6623139095445,0.0,69087.285453005,0.0,144455.23321991952,119332.58396428135,25122.649255638178,12561.324627819089,0.0,50245.298511276356,0.0,0.0,0.0,0.0,18841.98694172863,0.0,0.0,0.0,0.0,0.0,0.0,9420.993470864114,0.0,226103.84330073872,0.0,339155.7649511081,282629.80412592343,37683.973883456456,28262.98041259234,0.0,141314.90206296172,0.0,0.0,0.0,0.0,0.0,56525.96082518468,0.0,0.0,0.0,50245.29851127798,0.0,0.0,0.0,12561.324627819495,0.0,326594.4403233069,0.0,590382.2575075163,602943.5821353358,50245.29851127798,113051.92165037546,37683.973883458486,326594.4403233069,0.0,0.0,0.0,0.0,0.0,150735.89553383394,0.0
57,116.715,39.5571,0.0,0.0,0.0,0.0,0.0,628.0662313913566,0.0,0.0,0.0,0.0,0.0,0.0,0.0,0.0,0.0,0.0,0.0,0.0,0.0,0.0,0.0,1256.1324627805602,0.0,0.0,0.0,0.0,0.0,0.0,0.0,0.0,0.0,0.0,0.0,0.0,0.0,0.0,0.0,0.0,0.0,6280.662313908721,0.0,0.0,6280.662313908721,0.0,0.0,0.0,6280.662313908721,0.0,0.0,12561.324627817443,0.0,0.0,0.0,0.0,0.0,0.0,0.0,0.0,0.0,25122.649255638178,0.0,25122.649255638178,25122.649255638178,0.0,12561.324627819089,0.0,18841.98694172863,0.0,0.0,25122.649255638178,0.0,12561.324627819089,0.0,0.0,9420.993470864114,0.0,0.0,0.0,0.0,0.0,37683.973883456456,0.0,56525.96082518468,94209.93470864114,37683.973883456456,37683.973883456456,0.0,75367.94776691291,0.0,0.0,0.0,47104.96735432057,0.0,75367.94776691291,0.0,0.0,25122.64925563899,12561.324627819495,0.0,0.0,0.0,0.0,0.0,50245.29851127798,0.0,138174.57090601444,175858.54478947291,50245.29851127798,138174.57090601444,0.0,163297.22016165344,0.0,0.0,0.0,62806.62313909747,0.0,138174.57090601444,0.0
58,116.7464,39.5343,0.0,0.0,0.0,0.0,0.0,0.0,0.0,0.0,0.0,0.0,0.0,0.0,0.0,0.0,0.0,0.0,0.0,0.0,0.0,0.0,0.0,0.0,0.0,0.0,0.0,0.0,0.0,0.0,0.0,0.0,0.0,0.0,0.0,0.0,0.0,0.0,0.0,0.0,0.0,0.0,0.0,0.0,6280.662313908721,0.0,0.0,0.0,0.0,0.0,0.0,0.0,0.0,0.0,0.0,0.0,0.0,0.0,0.0,0.0,0.0,12561.324627819089,0.0,0.0,12561.324627819089,0.0,0.0,0.0,0.0,0.0,0.0,0.0,0.0,0.0,0.0,0.0,0.0,0.0,0.0,0.0,0.0,0.0,37683.973883456456,0.0,18841.986941728228,56525.96082518468,0.0,0.0,0.0,28262.98041259234,0.0,0.0,0.0,0.0,0.0,0.0,0.0,0.0,0.0,0.0,0.0,0.0,0.0,0.0,0.0,125613.24627819494,0.0,113051.92165037546,100490.59702255596,0.0,25122.64925563899,12561.324627819495,213542.51867293142,0.0,0.0,0.0,0.0,0.0,12561.324627819495,0.0
59,116.8854,38.2991,0.0,0.0,0.0,0.0,0.0,0.0,0.0,0.0,0.0,0.0,0.0,0.0,0.0,0.0,0.0,0.0,0.0,0.0,0.0,0.0,0.0,0.0,0.0,0.0,0.0,0.0,0.0,0.0,0.0,0.0,0.0,628.0662313902801,0.0,0.0,0.0,0.0,0.0,0.0,0.0,6280.662313908721,0.0,0.0,0.0,0.0,9420.993470863083,0.0,9420.993470863083,0.0,0.0,6280.662313908721,0.0,25122.649255634886,0.0,0.0,0.0,0.0,0.0,0.0,0.0,25122.649255638178,0.0,0.0,12561.324627819089,0.0,113051.9216503718,0.0,37683.97388345726,0.0,0.0,12561.324627819089,0.0,213542.51867292452,0.0,0.0,0.0,0.0,0.0,0.0,0.0,0.0,75367.94776691291,0.0,9420.993470864114,65946.9542960488,0.0,499312.653955798,0.0,65946.9542960488,0.0,0.0,0.0,37683.973883456456,0.0,659469.542960488,0.0,0.0,0.0,37683.973883458486,0.0,0.0,0.0,0.0,0.0,200981.19404511192,0.0,25122.64925563899,200981.19404511192,0.0,1055151.2687368377,0.0,175858.54478947291,0.0,0.0,0.0,50245.29851127798,0.0,1494797.6307105199,0.0
60,116.8584,38.3254,0.0,0.0,0.0,0.0,0.0,0.0,0.0,0.0,0.0,0.0,0.0,0.0,0.0,0.0,0.0,0.0,0.0,0.0,0.0,0.0,0.0,0.0,0.0,0.0,0.0,0.0,0.0,0.0,0.0,0.0,0.0,0.0,0.0,0.0,0.0,0.0,0.0,0.0,0.0,12561.324627817443,0.0,0.0,0.0,0.0,3140.3311569543607,0.0,6280.662313908721,0.0,0.0,0.0,0.0,3140.3311569543607,0.0,0.0,0.0,0.0,0.0,0.0,0.0,50245.298511276356,0.0,18841.98694172863,0.0,0.0,75367.94776691453,0.0,31403.311569547725,0.0,0.0,0.0,0.0,138174.57090601,0.0,0.0,0.0,0.0,0.0,0.0,0.0,0.0,113051.92165036936,0.0,28262.98041259234,18841.986941728228,0.0,188419.8694172823,0.0,122472.91512123348,0.0,0.0,0.0,0.0,0.0,376839.7388345646,0.0,0.0,0.0,25122.64925563899,0.0,0.0,0.0,0.0,0.0,175858.54478947291,0.0,50245.29851127798,175858.54478947291,0.0,376839.73883458483,0.0,251226.4925563899,0.0,0.0,0.0,0.0,0.0,854170.0746917257,0.0
61,116.8709,38.3228,0.0,0.0,0.0,0.0,0.0,0.0,0.0,0.0,0.0,0.0,0.0,314.0331156956783,0.0,0.0,0.0,0.0,0.0,0.0,0.0,0.0,0.0,0.0,0.0,0.0,0.0,0.0,0.0,1256.1324627805602,0.0,0.0,0.0,0.0,0.0,0.0,0.0,0.0,0.0,0.0,0.0,12561.324627817443,0.0,0.0,6280.662313908721,0.0,3140.3311569543607,0.0,12561.324627817443,0.0,0.0,0.0,0.0,0.0,0.0,6280.6623139095445,0.0,0.0,0.0,0.0,0.0,37683.97388345726,0.0,0.0,25122.649255638178,0.0,25122.649255638178,0.0,37683.97388345726,0.0,0.0,0.0,0.0,12561.324627819089,0.0,0.0,28262.98041259234,0.0,0.0,0.0,0.0,0.0,56525.96082518468,0.0,75367.94776691291,122472.91512123348,0.0,197840.8628881464,0.0,131893.9085920976,0.0,0.0,0.0,0.0,0.0,65946.9542960488,0.0,0.0,0.0,37683.973883458486,0.0,0.0,0.0,0.0,0.0,150735.89553383394,0.0,464769.0112293213,226103.84330075092,0.0,590382.2575075163,0.0,263787.8171842094,0.0,0.0,0.0,25122.64925563899,0.0,590382.2575075163,0.0
62,115.6951,37.7575,0.0,0.0,0.0,0.0,0.0,628.066231390312,0.0,0.0,0.0,0.0,0.0,0.0,0.0,0.0,0.0,0.0,0.0,0.0,0.0,0.0,0.0,1256.1324627822087,0.0,628.0662313911043,0.0,628.0662313911043,0.0,628.0662313911043,0.0,0.0,0.0,0.0,0.0,0.0,0.0,0.0,0.0,0.0,0.0,6280.662313909536,0.0,0.0,6280.662313909536,0.0,53385.62966823106,0.0,9420.993470864305,0.0,0.0,0.0,0.0,12561.324627819073,0.0,0.0,0.0,0.0,0.0,0.0,0.0,12561.324627819458,0.0,0.0,37683.97388345838,0.0,502452.9851127783,0.0,62806.62313909729,0.0,0.0,0.0,0.0,87929.27239473621,0.0,0.0,0.0,0.0,0.0,0.0,0.0,0.0,113051.92165037314,37683.973883457715,0.0,56525.96082518657,0.0,1337781.072862749,0.0,131893.908592102,0.0,0.0,0.0,0.0,0.0,348576.75842198386,0.0,0.0,0.0,0.0,0.0,0.0,0.0,0.0,12561.32462781898,226103.84330074163,50245.29851127592,0.0,75367.94776691389,0.0,2650439.4964698046,0.0,276349.14181201754,0.0,0.0,0.0,0.0,0.0,879292.7239473286,0.0
63,115.6426,37.7379,0.0,0.0,0.0,0.0,0.0,0.0,0.0,0.0,0.0,314.033115695156,0.0,0.0,0.0,0.0,0.0,0.0,0.0,0.0,0.0,0.0,0.0,0.0,0.0,0.0,0.0,1256.1324627822087,0.0,0.0,0.0,0.0,0.0,1256.1324627822087,0.0,15701.65578477384,0.0,0.0,0.0,0.0,0.0,6280.662313909536,0.0,0.0,6280.662313909536,0.0,141314.90206296457,0.0,21982.318098683376,0.0,0.0,0.0,0.0,50245.29851127629,0.0,144455.23321992377,0.0,0.0,0.0,0.0,0.0,62806.62313909729,0.0,0.0,119332.58396428486,0.0,797644.1138665356,0.0,81648.61008082647,0.0,0.0,0.0,0.0,138174.57090601404,0.0,0.0,263787.817184204,0.0,0.0,0.0,0.0,0.0,131893.908592102,0.0,0.0,273208.81065506843,0.0,2656720.158783769,18841.986941728857,188419.86941728857,0.0,0.0,0.0,0.0,0.0,386260.7323054416,0.0,0.0,0.0,364278.4142067504,0.0,0.0,0.0,0.0,0.0,188419.8694172847,0.0,0.0,389401.06346238835,0.0,5288317.668311791,25122.64925563796,351717.08957893145,0.0,0.0,0.0,0.0,0.0,753679.4776691388,0.0
64,114.4821,37.0967,0.0,0.0,0.0,0.0,0.0,0.0,0.0,628.066231390312,0.0,314.033115695156,0.0,0.0,0.0,0.0,0.0,314.033115695156,0.0,0.0,0.0,0.0,0.0,0.0,0.0,1256.1324627822087,0.0,1256.1324627822087,0.0,0.0,0.0,0.0,0.0,628.0662313911043,0.0,6280.662313909536,0.0,0.0,0.0,0.0,0.0,0.0,0.0,0.0,28262.980412592915,0.0,106771.25933646211,0.0,12561.324627819073,0.0,0.0,0.0,0.0,9420.993470864305,25122.649255638917,43964.636197368105,0.0,0.0,0.0,0.0,6280.662313909729,25122.649255638917,0.0,0.0,69087.28545300702,12561.324627819458,672030.867588341,12561.324627819458,50245.29851127783,12561.324627819458,0.0,0.0,0.0,75367.94776691675,0.0,65946.954296051,150735.89553383086,0.0,0.0,0.0,0.0,18841.986941728857,122472.91512123757,0.0,0.0,197840.862888153,18841.986941728857,1497937.9618674442,37683.973883457715,160156.8890046953,37683.973883457715,0.0,0.0,0.0,0.0,339155.76495111943,0.0,0.0,113051.92165037082,314033.1156954745,0.0,0.0,0.0,0.0,25122.64925563796,376839.7388345694,37683.97388345694,12561.32462781898,414523.71271802636,25122.64925563796,2575071.548702891,50245.29851127592,314033.1156954745,50245.29851127592,0.0,0.0,0.0,0.0,904415.3732029665,0.0
65,114.5261,37.0533,0.0,0.0,0.0,0.0,0.0,0.0,0.0,0.0,0.0,0.0,0.0,628.066231390312,0.0,0.0,0.0,0.0,0.0,0.0,0.0,0.0,0.0,0.0,0.0,0.0,0.0,0.0,0.0,1256.1324627822087,0.0,0.0,0.0,0.0,0.0,0.0,0.0,0.0,0.0,0.0,0.0,6280.662313909536,0.0,9420.993470864305,6280.662313909536,0.0,12561.324627819073,0.0,15701.65578477384,0.0,0.0,0.0,0.0,15701.65578477384,0.0,0.0,0.0,0.0,0.0,0.0,6280.662313909729,25122.649255638917,0.0,18841.98694172919,31403.311569548645,0.0,50245.29851127783,0.0,56525.96082518756,0.0,0.0,0.0,0.0,100490.59702255567,0.0,0.0,0.0,0.0,0.0,0.0,0.0,9420.993470864429,37683.973883457715,0.0,37683.973883457715,75367.94776691543,0.0,226103.8433007463,0.0,131893.908592102,0.0,0.0,0.0,0.0,0.0,348576.75842198386,0.0,0.0,0.0,25122.64925563796,0.0,0.0,0.0,0.0,12561.32462781898,50245.29851127592,0.0,100490.59702255184,175858.54478946573,0.0,389401.06346238835,0.0,339155.76495111245,0.0,0.0,0.0,0.0,0.0,841608.7500638716,0.0
66,114.5331,37.0964,0.0,0.0,0.0,0.0,0.0,0.0,0.0,0.0,0.0,0.0,0.0,0.0,0.0,0.0,0.0,314.033115695156,0.0,0.0,0.0,0.0,0.0,0.0,0.0,0.0,0.0,0.0,0.0,0.0,0.0,0.0,0.0,3140.3311569555217,0.0,0.0,0.0,0.0,0.0,0.0,0.0,0.0,0.0,0.0,0.0,0.0,6280.662313909536,0.0,3140.331156954768,0.0,0.0,0.0,0.0,28262.980412592915,0.0,0.0,0.0,0.0,0.0,0.0,0.0,12561.324627819458,0.0,0.0,12561.324627819458,0.0,75367.94776691675,0.0,25122.649255638917,0.0,0.0,0.0,0.0,144455.23321992377,0.0,0.0,0.0,0.0,0.0,0.0,0.0,0.0,37683.973883457715,37683.973883457715,0.0,84788.94123777986,0.0,282629.80412593286,0.0,47104.96735432214,0.0,0.0,0.0,0.0,0.0,301471.7910676617,0.0,0.0,0.0,0.0,0.0,0.0,0.0,0.0,0.0,75367.94776691389,50245.29851127592,37683.97388345694,138174.57090600877,0.0,678311.5299022249,0.0,125613.24627818979,0.0,0.0,0.0,0.0,0.0,665750.2052744059,0.0
67,112.522,37.8873,0.0,0.0,0.0,0.0,0.0,628.0662313913356,0.0,0.0,0.0,0.0,0.0,0.0,0.0,0.0,0.0,0.0,0.0,0.0,0.0,0.0,0.0,1256.1324627805918,0.0,0.0,0.0,0.0,0.0,628.0662313902959,0.0,0.0,0.0,0.0,0.0,0.0,0.0,0.0,0.0,0.0,0.0,6280.66231390875,0.0,18841.98694172625,6280.66231390875,0.0,0.0,0.0,15701.655784771874,0.0,0.0,0.0,0.0,0.0,18841.98694172869,119332.58396428169,0.0,0.0,0.0,0.0,25122.64925563825,25122.64925563825,0.0,232384.5056146538,37683.97388345738,0.0,0.0,0.0,81648.61008082432,0.0,0.0,25122.64925563825,87929.27239473388,6280.662313909563,0.0,188419.8694172823,668890.5364313521,9420.993470864114,0.0,0.0,0.0,37683.973883456456,84788.94123777702,0.0,885573.3862612267,536996.6278392544,0.0,18841.986941728228,0.0,282629.80412592343,0.0,0.0,0.0,188419.8694172823,602943.5821353033,103630.92817950525,0.0,0.0,766240.8022969892,1733462.7986390905,12561.324627819497,0.0,0.0,62806.623139097486,50245.298511277986,401962.3880902239,25122.649255638993,1783708.0971503686,1105396.5672481158,25122.649255638993,175858.54478947294,50245.298511277986,816486.1008082672,0.0,0.0,0.0,401962.3880902239,1105396.5672481158,301471.7910676679,0.0
68,112.573,37.9103,0.0,314.0331156956678,0.0,0.0,0.0,0.0,0.0,0.0,0.0,314.0331156956678,0.0,0.0,0.0,0.0,0.0,0.0,0.0,3140.3311569514794,0.0,0.0,0.0,0.0,0.0,0.0,0.0,1256.1324627805918,0.0,0.0,0.0,0.0,0.0,0.0,0.0,116192.25280731187,0.0,0.0,0.0,0.0,0.0,0.0,0.0,28262.98041258937,65946.95429604188,0.0,65946.95429604188,0.0,6280.66231390875,12561.3246278175,0.0,31403.31156954375,12561.3246278175,0.0,0.0,383120.40114848333,0.0,0.0,0.0,0.0,6280.662313909563,87929.27239473388,25122.64925563825,163297.22016164864,295191.1287537494,43964.63619736694,558978.9459379511,43964.63619736694,345436.42726502597,25122.64925563825,0.0,119332.58396428169,37683.97388345738,50245.2985112765,0.0,0.0,791363.4515525856,9420.993470864114,0.0,0.0,9420.993470864114,18841.986941728228,518154.6408975263,75367.94776691291,772521.4646108573,593522.5886644392,160156.88900468993,1931303.6615271433,94209.93470864114,1026888.2883241884,37683.973883456456,0.0,0.0,367418.74536370044,188419.8694172823,188419.8694172823,0.0,0.0,0.0,1218448.4888984913,12561.324627819497,0.0,0.0,12561.324627819497,25122.649255638993,1004905.9702255598,125613.24627819497,1620410.876988715,1381745.7090601446,213542.51867293144,3178015.1308383327,150735.89553383394,1532481.6045939785,50245.298511277986,0.0,0.0,640627.5560187943,276349.14181202895,351717.0895789459,0.0
69,112.434,38.0108,0.0,0.0,0.0,0.0,0.0,0.0,0.0,0.0,0.0,0.0,0.0,0.0,0.0,0.0,0.0,0.0,0.0,0.0,628.0662313902959,0.0,0.0,0.0,0.0,0.0,0.0,0.0,0.0,0.0,0.0,0.0,0.0,0.0,0.0,9420.993470863124,50245.29851127,0.0,0.0,0.0,0.0,0.0,0.0,12561.3246278175,0.0,0.0,0.0,9420.993470863124,12561.3246278175,0.0,9420.993470863124,0.0,0.0,3140.331156954375,6280.662313909563,50245.2985112765,188419.86941728689,0.0,0.0,18841.98694172869,0.0,50245.2985112765,31403.31156954781,75367.94776691476,0.0,0.0,0.0,31403.31156954781,81648.61008082432,0.0,18841.98694172869,0.0,0.0,25122.64925563825,0.0,28262.98041259234,150735.89553382582,348576.7584219722,0.0,0.0,28262.98041259234,0.0,75367.94776691291,47104.96735432057,160156.88900468993,0.0,0.0,0.0,47104.96735432057,150735.89553382582,0.0,28262.98041259234,0.0,0.0,0.0,56525.96082518468,0.0,0.0,37683.973883458486,301471.7910676679,502452.9851127799,0.0,0.0,37683.973883458486,0.0,125613.24627819497,62806.623139097486,238665.16792857044,0.0,0.0,0.0,62806.623139097486,364278.4142067654,0.0,37683.973883458486,0.0,0.0,0.0,100490.59702255597,0.0
70,112.469,37.7124,0.0,0.0,0.0,0.0,0.0,0.0,0.0,0.0,0.0,0.0,0.0,0.0,0.0,0.0,0.0,314.03311569514545,0.0,0.0,0.0,0.0,0.0,0.0,1884.19869417336,0.0,0.0,0.0,0.0,0.0,0.0,0.0,0.0,628.06623139112,0.0,0.0,0.0,0.0,0.0,0.0,0.0,0.0,0.0,47104.96735432173,0.0,0.0,0.0,0.0,12561.324627819127,0.0,0.0,9420.993470864345,0.0,21982.318098683474,0.0,25122.649255638986,0.0,0.0,0.0,0.0,0.0,18841.98694172924,0.0,251226.49255638986,37683.97388345848,0.0,12561.324627819493,0.0,50245.29851127797,0.0,0.0,43964.63619736822,0.0,125613.24627819493,0.0,0.0,357997.75189284823,0.0,75367.94776691541,103630.9281795087,37683.97388345771,37683.97388345771,37683.97388345771,0.0,565259.6082518656,56525.96082518656,0.0,65946.95429605099,56525.96082518656,94209.93470864427,0.0,0.0,0.0,94209.93470864427,0.0,216682.84982988183,0.0,0.0,0.0,1205887.164270622,0.0,100490.59702255182,163297.22016164672,50245.29851127591,163297.22016164672,50245.29851127591,0.0,1369184.3844322686,75367.94776691387,0.0,288910.4664398365,163297.22016164672,226103.8433007416,0.0,0.0,0.0,314033.11569547444,138174.57090600877,288910.4664398365,0.0
71,112.5583,37.7394,0.0,0.0,0.0,0.0,0.0,0.0,0.0,0.0,0.0,0.0,0.0,0.0,0.0,0.0,0.0,0.0,0.0,0.0,0.0,0.0,0.0,0.0,628.06623139112,0.0,0.0,0.0,0.0,628.06623139112,0.0,0.0,0.0,0.0,6280.662313909564,0.0,0.0,0.0,0.0,0.0,0.0,0.0,0.0,21982.318098683474,25122.649255638255,0.0,0.0,0.0,6280.662313909564,0.0,0.0,9420.993470864345,3140.331156954782,0.0,12561.324627819493,0.0,0.0,25122.649255638986,69087.2854530072,0.0,0.0,0.0,0.0,131893.90859210468,62806.623139097464,0.0,0.0,0.0,37683.97388345848,0.0,0.0,37683.97388345848,25122.649255638986,0.0,0.0,47104.967354322136,65946.95429605099,9420.993470864427,56525.96082518656,254366.82371333952,0.0,0.0,18841.986941728854,0.0,376839.7388345771,207261.8563590174,0.0,37683.97388345771,0.0,103630.9281795087,0.0,0.0,0.0,113051.92165037311,301471.79106766166,0.0,0.0,0.0,100490.59702255182,288910.4664398365,12561.324627818978,138174.57090600877,464769.0112293022,0.0,0.0,50245.29851127591,0.0,866731.3993195095,376839.73883456935,87929.27239473285,163297.22016164672,0.0,251226.49255637956,0.0,0.0,0.0,276349.14181201754,703434.1791578628,0.0,0.0
72,112.5369,37.8692,0.0,0.0,0.0,0.0,0.0,0.0,314.0331156956678,0.0,0.0,0.0,0.0,314.0331156956678,0.0,0.0,0.0,0.0,0.0,0.0,0.0,0.0,0.0,0.0,628.0662313902959,0.0,0.0,0.0,0.0,1256.1324627805918,0.0,0.0,0.0,0.0,59666.29198213312,106771.25933644874,0.0,0.0,0.0,0.0,0.0,12561.3246278175,9420.993470863124,15701.655784771874,9420.993470863124,0.0,0.0,0.0,59666.29198213312,3140.331156954375,0.0,6280.66231390875,34543.642726498125,15701.655784771874,232384.5056146538,684592.1922161423,0.0,0.0,0.0,6280.662313909563,6280.662313909563,94209.93470864344,18841.98694172869,138174.57090601037,56525.96082518606,0.0,12561.324627819125,25122.64925563825,244945.83024247293,6280.662313909563,0.0,37683.97388345738,194700.53173119645,100490.597022553,0.0,612364.5756061674,1648673.85740122,9420.993470864114,0.0,0.0,18841.986941728228,9420.993470864114,244945.83024246697,37683.973883456456,414523.712718021,292050.7975967875,0.0,113051.92165036936,37683.973883456456,640627.5560187597,9420.993470864114,0.0,0.0,75367.94776691291,499312.653955798,423944.70618888515,0.0,0.0,1017467.2948533793,3240821.75397743,37683.973883458486,0.0,0.0,75367.94776691697,138174.57090601447,628066.2313909748,87929.27239473647,979783.3209699207,841608.7500639063,0.0,640627.5560187943,125613.24627819497,1293816.436665408,12561.324627819497,0.0,0.0,113051.92165037547,879292.7239473647,741118.1530413503,0.0
73,112.57,37.8195,0.0,0.0,0.0,0.0,0.0,0.0,0.0,0.0,0.0,0.0,0.0,0.0,0.0,0.0,0.0,0.0,0.0,0.0,0.0,0.0,0.0,0.0,3140.3311569514794,0.0,0.0,0.0,0.0,0.0,0.0,0.0,0.0,0.0,0.0,0.0,21982.318098680626,0.0,0.0,0.0,0.0,15701.655784771874,0.0,37683.9738834525,6280.66231390875,0.0,9420.993470863124,0.0,15701.655784771874,0.0,0.0,12561.3246278175,0.0,0.0,0.0,31403.311569548176,43964.63619736745,0.0,0.0,0.0,0.0,100490.59702255417,18841.98694172891,113051.92165037344,37683.97388345782,0.0,50245.298511277084,6280.6623139096355,62806.62313909635,0.0,0.0,37683.97388345782,6280.6623139096355,69087.28545300598,0.0,0.0,84788.94123777853,84788.94123777853,0.0,0.0,0.0,18841.986941728563,216682.84982987848,37683.973883457125,254366.8237133356,84788.94123777853,0.0,150735.8955338285,9420.993470864281,178998.87594642135,0.0,0.0,0.0,122472.91512123565,75367.94776691425,103630.9281795071,0.0,0.0,0.0,125613.2462781925,226103.8433007465,0.0,0.0,12561.32462781925,25122.6492556385,452207.686601493,138174.57090601174,515014.30974058923,163297.22016165024,0.0,339155.7649511197,37683.973883457744,515014.30974058923,0.0,0.0,0.0,238665.16792856573,200981.194045108,276349.1418120235,0.0
74,112.549,37.9854,0.0,0.0,0.0,0.0,0.0,0.0,314.0331156956678,0.0,0.0,0.0,0.0,0.0,0.0,0.0,0.0,0.0,0.0,0.0,0.0,0.0,0.0,0.0,1256.1324627805918,0.0,0.0,0.0,0.0,0.0,0.0,0.0,0.0,0.0,0.0,0.0,0.0,0.0,0.0,0.0,0.0,0.0,0.0,31403.31156954375,0.0,0.0,0.0,0.0,0.0,0.0,0.0,0.0,0.0,0.0,0.0,0.0,0.0,0.0,0.0,0.0,0.0,0.0,0.0,119332.58396428169,18841.98694172869,0.0,0.0,0.0,0.0,0.0,0.0,12561.324627819125,0.0,0.0,0.0,0.0,0.0,0.0,0.0,0.0,0.0,0.0,0.0,0.0,329734.771480244,47104.96735432057,0.0,0.0,0.0,0.0,0.0,0.0,0.0,37683.973883456456,18841.986941728228,56525.96082518468,0.0,0.0,0.0,0.0,0.0,0.0,0.0,0.0,0.0,125613.24627819497,0.0,653188.8806466138,113051.92165037547,0.0,25122.649255638993,0.0,12561.324627819497,0.0,0.0,0.0,75367.94776691697,25122.649255638993,75367.94776691697,0.0
75,112.488,37.7805,0.0,0.0,0.0,0.0,0.0,0.0,314.03311569514545,0.0,0.0,0.0,0.0,0.0,0.0,0.0,0.0,0.0,0.0,0.0,0.0,0.0,0.0,0.0,628.06623139112,0.0,0.0,0.0,0.0,0.0,0.0,0.0,0.0,0.0,0.0,0.0,0.0,0.0,0.0,0.0,0.0,0.0,0.0,34543.6427265026,6280.662313909564,0.0,3140.331156954782,0.0,0.0,0.0,0.0,12561.324627819127,12561.324627819127,6280.662313909564,0.0,0.0,0.0,0.0,0.0,0.0,0.0,12561.324627819493,0.0,157016.55784774365,75367.94776691696,0.0,12561.324627819493,0.0,0.0,0.0,0.0,37683.97388345848,37683.97388345848,12561.324627819493,0.0,0.0,84788.94123777984,0.0,0.0,0.0,0.0,0.0,18841.986941728854,0.0,471049.6735432213,320313.7780093905,0.0,18841.986941728854,0.0,9420.993470864427,0.0,0.0,0.0,75367.94776691541,113051.92165037311,56525.96082518656,0.0,0.0,0.0,251226.49255637956,0.0,188419.86941728467,37683.973883456936,0.0,0.0,25122.649255637956,0.0,854170.0746916905,628066.2313909489,0.0,25122.649255637956,0.0,62806.62313909489,0.0,0.0,0.0,276349.14181201754,263787.81718419853,175858.5447894657,0.0
76,116.988,36.6114,0.0,0.0,0.0,0.0,0.0,0.0,0.0,0.0,0.0,0.0,0.0,0.0,0.0,0.0,0.0,0.0,0.0,0.0,0.0,0.0,0.0,0.0,0.0,0.0,0.0,0.0,0.0,0.0,0.0,0.0,0.0,0.0,12561.324627819073,21982.318098683376,0.0,0.0,0.0,0.0,0.0,0.0,0.0,6280.662313909536,21982.318098683376,0.0,3140.331156954768,0.0,0.0,0.0,0.0,25122.649255638145,0.0,0.0,75367.94776691675,87929.27239473621,0.0,0.0,0.0,0.0,0.0,12561.324627819458,0.0,18841.98694172919,62806.62313909729,0.0,6280.662313909729,0.0,18841.98694172919,0.0,0.0,56525.96082518756,0.0,0.0,0.0,310892.78453852615,536996.6278392724,0.0,0.0,0.0,0.0,0.0,461628.680072357,0.0,188419.86941728857,263787.817184204,0.0,28262.980412593286,0.0,226103.8433007463,0.0,18841.986941728857,0.0,197840.862888153,37683.973883457715,9420.993470864429,0.0,0.0,464769.01122930227,1017467.2948533373,0.0,0.0,0.0,0.0,0.0,1080273.9179924324,50245.29851127592,841608.7500638716,452207.68660148326,0.0,50245.29851127592,12561.32462781898,414523.71271802636,0.0,37683.97388345694,0.0,502452.98511275917,188419.8694172847,37683.97388345694,0.0
77,116.93,36.67,0.0,0.0,0.0,0.0,0.0,0.0,0.0,0.0,0.0,0.0,0.0,0.0,0.0,0.0,0.0,0.0,0.0,0.0,0.0,0.0,0.0,0.0,0.0,0.0,0.0,0.0,0.0,0.0,0.0,0.0,0.0,0.0,0.0,0.0,0.0,0.0,0.0,0.0,0.0,0.0,0.0,0.0,31403.31156954768,0.0,6280.662313909536,0.0,15701.65578477384,0.0,0.0,56525.96082518583,6280.662313909536,0.0,0.0,0.0,0.0,0.0,0.0,0.0,0.0,43964.636197368105,0.0,12561.324627819458,144455.23321992377,0.0,62806.62313909729,0.0,81648.61008082647,0.0,0.0,175858.54478947242,31403.311569548645,0.0,0.0,0.0,28262.980412593286,0.0,0.0,0.0,0.0,0.0,301471.7910676617,0.0,292050.7975967973,489891.6604849503,0.0,94209.93470864429,0.0,329734.771480255,0.0,0.0,0.0,508733.64742667915,386260.7323054416,0.0,0.0,0.0,0.0,113051.92165037082,0.0,0.0,0.0,0.0,25122.64925563796,602943.5821353111,12561.32462781898,602943.5821353111,1092835.2426202511,0.0,125613.24627818979,0.0,665750.2052744059,0.0,0.0,0.0,803924.7761804147,653188.880646587,0.0,0.0
78,116.989,36.6872,0.0,0.0,0.0,0.0,0.0,0.0,0.0,0.0,0.0,0.0,0.0,0.0,0.0,0.0,0.0,0.0,0.0,0.0,0.0,0.0,0.0,0.0,0.0,0.0,0.0,0.0,0.0,1884.198694173313,0.0,3140.3311569555217,0.0,0.0,6280.662313909536,6280.662313909536,0.0,0.0,0.0,0.0,0.0,56525.96082518583,0.0,9420.993470864305,21982.318098683376,0.0,34543.64272650245,0.0,69087.2854530049,0.0,0.0,62806.62313909536,12561.324627819073,3140.331156954768,18841.98694172919,138174.57090601404,75367.94776691675,0.0,0.0,0.0,6280.662313909729,175858.54478947242,6280.662313909729,207261.85635902107,113051.92165037512,0.0,94209.93470864593,12561.324627819458,282629.8041259378,0.0,0.0,219823.1809868405,37683.97388345838,6280.662313909729,0.0,113051.92165037314,442786.69313062815,207261.85635901743,0.0,0.0,65946.954296051,9420.993470864429,414523.71271803486,9420.993470864429,678311.5299022389,395681.725776306,0.0,395681.725776306,28262.980412593286,838468.4189069341,0.0,0.0,0.0,442786.69313062815,84788.94123777986,9420.993470864429,0.0,0.0,251226.49255637958,1545042.9292217346,1067712.5933646134,0.0,0.0,87929.27239473286,87929.27239473286,916976.6978307855,37683.97388345694,1482236.3060826396,992344.6455976994,37683.97388345694,728556.8284135008,75367.94776691389,1632972.2016164674,12561.32462781898,0.0,0.0,715995.5037856819,200981.19404510368,163297.22016164675,0.0
79,117.0684,36.6868,0.0,0.0,0.0,0.0,0.0,0.0,314.033115695156,0.0,0.0,0.0,0.0,0.0,0.0,0.0,0.0,0.0,0.0,0.0,0.0,0.0,0.0,0.0,1256.1324627822087,0.0,0.0,0.0,0.0,628.0662313911043,0.0,0.0,0.0,0.0,3140.331156954768,18841.98694172861,34543.64272650245,0.0,0.0,0.0,0.0,47104.967354321525,0.0,69087.2854530049,6280.662313909536,0.0,56525.96082518583,0.0,6280.662313909536,0.0,0.0,34543.64272650245,6280.662313909536,0.0,12561.324627819458,219823.1809868405,69087.28545300702,0.0,0.0,0.0,12561.324627819458,144455.23321992377,0.0,395681.72577631293,150735.8955338335,0.0,175858.54478947242,0.0,75367.94776691675,0.0,0.0,175858.54478947242,12561.324627819458,12561.324627819458,0.0,75367.94776691543,555838.6147810013,103630.92817950872,0.0,0.0,0.0,18841.986941728857,216682.84982988186,0.0,1507358.9553383086,301471.7910676617,0.0,273208.81065506843,0.0,292050.7975967973,0.0,0.0,0.0,348576.75842198386,37683.973883457715,18841.986941728857,0.0,0.0,288910.46643983654,1708340.1493833812,163297.22016164675,0.0,0.0,12561.32462781898,138174.57090600877,703434.1791578629,12561.32462781898,3391557.6495111245,766240.8022969578,0.0,891854.0485751475,37683.97388345694,854170.0746916906,0.0,12561.32462781898,0.0,942099.3470864235,364278.4142067504,100490.59702255184,0.0
80,116.943,36.6489,0.0,0.0,0.0,0.0,0.0,0.0,0.0,0.0,0.0,0.0,0.0,0.0,0.0,0.0,0.0,0.0,0.0,0.0,0.0,0.0,0.0,0.0,0.0,0.0,0.0,0.0,0.0,0.0,0.0,0.0,0.0,0.0,21982.318098683376,3140.331156954768,0.0,0.0,0.0,0.0,0.0,0.0,0.0,12561.324627819073,25122.649255638145,3140.331156954768,18841.98694172861,0.0,3140.331156954768,0.0,0.0,18841.98694172861,0.0,3140.331156954768,75367.94776691675,56525.96082518756,0.0,0.0,0.0,0.0,6280.662313909729,0.0,0.0,119332.58396428486,251226.49255638916,6280.662313909729,37683.97388345838,25122.649255638917,131893.9085921043,0.0,0.0,94209.93470864593,6280.662313909729,18841.98694172919,0.0,169577.88247555972,442786.69313062815,18841.986941728857,0.0,0.0,0.0,28262.980412593286,348576.75842198386,0.0,376839.73883457715,536996.6278392724,9420.993470864429,103630.92817950872,56525.96082518657,357997.7518928483,0.0,0.0,0.0,339155.76495111943,103630.92817950872,84788.94123777986,0.0,0.0,376839.7388345694,1519920.2799660966,25122.64925563796,0.0,0.0,0.0,37683.97388345694,929538.0224586045,0.0,1067712.5933646134,1017467.2948533373,12561.32462781898,188419.8694172847,75367.94776691389,753679.4776691388,0.0,0.0,0.0,690872.8545300439,238665.1679285606,138174.57090600877,0.0
81,116.734,36.5336,0.0,0.0,0.0,0.0,0.0,0.0,0.0,0.0,0.0,0.0,0.0,0.0,0.0,0.0,0.0,0.0,0.0,0.0,0.0,0.0,0.0,0.0,0.0,0.0,0.0,0.0,0.0,0.0,0.0,0.0,0.0,0.0,0.0,0.0,0.0,0.0,0.0,0.0,0.0,6280.662313909536,0.0,3140.331156954768,6280.662313909536,0.0,3140.331156954768,0.0,0.0,0.0,0.0,0.0,0.0,0.0,0.0,0.0,0.0,0.0,0.0,0.0,0.0,62806.62313909729,0.0,25122.649255638917,50245.29851127783,0.0,18841.98694172919,0.0,6280.662313909729,0.0,0.0,0.0,0.0,0.0,0.0,0.0,0.0,0.0,0.0,0.0,0.0,0.0,94209.93470864429,0.0,65946.954296051,122472.91512123757,0.0,28262.980412593286,0.0,9420.993470864429,0.0,0.0,0.0,0.0,0.0,0.0,0.0,0.0,0.0,0.0,0.0,0.0,0.0,0.0,0.0,364278.4142067504,0.0,100490.59702255184,276349.14181201754,0.0,50245.29851127592,0.0,125613.24627818979,0.0,0.0,0.0,0.0,0.0,0.0,0.0
82,113.681,34.7545,0.0,0.0,0.0,0.0,0.0,0.0,0.0,0.0,0.0,628.0662313902801,0.0,0.0,0.0,0.0,0.0,0.0,0.0,0.0,0.0,0.0,0.0,0.0,0.0,0.0,0.0,5024.52985112892,0.0,0.0,0.0,0.0,0.0,628.066231391115,0.0,0.0,0.0,0.0,0.0,0.0,0.0,6280.6623139095445,0.0,0.0,0.0,0.0,232384.50561465314,0.0,9420.993470864316,0.0,0.0,0.0,0.0,18841.98694172863,0.0,31403.311569548736,0.0,0.0,0.0,0.0,0.0,50245.29851127798,0.0,0.0,0.0,0.0,1356623.0598045054,0.0,75367.94776691697,37683.973883458486,0.0,0.0,0.0,169577.88247556318,0.0,0.0,310892.78453852615,0.0,0.0,0.0,0.0,9420.993470864429,329734.771480255,75367.94776691543,0.0,37683.973883457715,18841.986941728857,5492439.1935139615,0.0,292050.7975967973,65946.954296051,0.0,0.0,0.0,0.0,734837.4907274254,0.0,0.0,0.0,766240.8022969579,37683.97388345694,0.0,0.0,0.0,62806.62313909491,728556.8284135009,100490.59702255185,0.0,125613.24627818982,75367.94776691389,12033748.993450584,0.0,690872.854530044,87929.27239473288,0.0,0.0,25122.649255637964,188419.86941728473,1632972.2016164677,0.0
83,113.641,34.7745,0.0,0.0,0.0,0.0,0.0,0.0,0.0,628.0662313902801,0.0,0.0,0.0,0.0,0.0,0.0,0.0,0.0,0.0,0.0,0.0,0.0,0.0,0.0,0.0,1256.13246278223,0.0,628.066231391115,0.0,0.0,0.0,0.0,0.0,0.0,0.0,0.0,0.0,0.0,0.0,0.0,0.0,0.0,0.0,0.0,12561.324627819089,0.0,28262.98041259295,0.0,3140.3311569547723,0.0,0.0,0.0,0.0,9420.993470864316,0.0,6280.662313909747,0.0,0.0,0.0,0.0,0.0,0.0,6280.662313909747,6280.662313909747,43964.63619736823,0.0,427085.03734586283,0.0,43964.63619736823,0.0,0.0,25122.64925563899,56525.96082518773,138174.57090601444,0.0,0.0,47104.96735432214,0.0,0.0,0.0,18841.986941728857,0.0,75367.94776691543,75367.94776691543,47104.96735432214,169577.88247555972,56525.96082518657,2261038.433007463,0.0,254366.82371333957,0.0,0.0,0.0,131893.908592102,348576.75842198386,452207.6866014926,0.0,0.0,0.0,653188.880646587,0.0,0.0,0.0,175858.54478946576,0.0,100490.59702255185,113051.92165037083,100490.59702255185,351717.0895789315,113051.92165037083,5011968.526499773,0.0,678311.529902225,0.0,0.0,0.0,200981.1940451037,690872.854530044,1067712.5933646134,0.0
84,113.675,34.8019,0.0,0.0,0.0,0.0,0.0,314.03311569514005,0.0,0.0,0.0,0.0,0.0,0.0,0.0,0.0,0.0,314.03311569514005,0.0,0.0,0.0,0.0,0.0,1256.13246278223,0.0,0.0,0.0,0.0,0.0,0.0,0.0,0.0,0.0,1884.198694173345,0.0,9420.993470864316,0.0,0.0,0.0,0.0,0.0,21982.318098683405,0.0,0.0,6280.6623139095445,0.0,0.0,0.0,9420.993470864316,0.0,0.0,0.0,0.0,34543.6427265025,0.0,18841.986941729243,0.0,0.0,0.0,6280.662313909747,0.0,94209.93470864621,25122.64925563899,6280.662313909747,12561.324627819495,0.0,81648.61008082672,0.0,81648.61008082672,0.0,0.0,6280.662313909747,0.0,194700.53173120218,0.0,9420.993470864429,84788.94123777986,0.0,0.0,0.0,9420.993470864429,0.0,178998.87594642414,75367.94776691543,47104.96735432214,113051.92165037314,18841.986941728857,329734.771480255,0.0,169577.88247555972,0.0,0.0,0.0,65946.954296051,75367.94776691543,489891.6604849503,0.0,0.0,12561.324627818982,150735.89553382777,0.0,0.0,0.0,12561.324627818982,12561.324627818982,288910.4664398366,100490.59702255185,75367.94776691389,200981.1940451037,25122.649255637964,1997250.6158232181,0.0,364278.41420675046,0.0,0.0,0.0,113051.92165037083,540136.9589962162,879292.7239473287,0.0
85,113.564,34.802,0.0,0.0,0.0,0.0,0.0,0.0,0.0,0.0,0.0,0.0,0.0,0.0,0.0,0.0,0.0,0.0,0.0,0.0,0.0,0.0,0.0,0.0,0.0,0.0,0.0,1256.13246278223,0.0,0.0,0.0,0.0,0.0,628.066231391115,0.0,0.0,0.0,0.0,0.0,0.0,0.0,15701.655784773862,0.0,0.0,0.0,0.0,87929.27239473362,0.0,12561.324627819089,0.0,0.0,0.0,0.0,28262.98041259295,0.0,0.0,0.0,0.0,0.0,0.0,0.0,69087.28545300722,25122.64925563899,0.0,0.0,0.0,395681.7257763141,0.0,43964.63619736823,0.0,0.0,0.0,0.0,94209.93470864621,0.0,0.0,0.0,18841.986941728857,0.0,0.0,0.0,0.0,103630.92817950872,37683.973883457715,9420.993470864429,37683.973883457715,0.0,1168203.1903871892,0.0,141314.90206296643,0.0,0.0,0.0,0.0,0.0,160156.8890046953,0.0,0.0,0.0,0.0,37683.97388345694,0.0,0.0,50245.29851127593,0.0,163297.22016164675,50245.29851127593,25122.649255637964,188419.86941728473,0.0,2173109.1606126837,0.0,263787.8171841986,0.0,0.0,0.0,0.0,0.0,301471.79106765555,0.0
86,113.727,34.7187,0.0,0.0,0.0,0.0,0.0,0.0,0.0,0.0,0.0,0.0,0.0,628.0662313902801,0.0,0.0,0.0,0.0,0.0,0.0,0.0,0.0,0.0,0.0,0.0,0.0,0.0,0.0,0.0,1884.198694173345,0.0,0.0,0.0,628.066231391115,0.0,0.0,0.0,0.0,3140.3311569547723,0.0,0.0,18841.98694172863,0.0,0.0,0.0,0.0,0.0,0.0,9420.993470864316,0.0,0.0,0.0,0.0,31403.311569547725,0.0,0.0,0.0,138174.57090601444,113051.92165037546,0.0,0.0,37683.973883458486,0.0,6280.662313909747,0.0,0.0,94209.93470864621,0.0,50245.29851127798,0.0,0.0,0.0,0.0,138174.57090601444,0.0,0.0,56525.96082518657,9420.993470864429,226103.8433007463,216682.84982988186,0.0,0.0,141314.90206296643,9420.993470864429,18841.986941728857,37683.973883457715,0.0,452207.6866014926,0.0,226103.8433007463,18841.986941728857,0.0,0.0,28262.980412593286,37683.973883457715,405102.71924717043,0.0,0.0,0.0,389401.0634623884,12561.324627818982,376839.73883456946,540136.9589962162,0.0,25122.649255637964,251226.49255637964,50245.29851127593,25122.649255637964,188419.86941728473,25122.649255637964,1482236.3060826398,0.0,489891.6604849403,62806.62313909491,0.0,0.0,238665.16792856067,163297.22016164675,728556.8284135009,0.0
87,113.734,34.719,0.0,0.0,0.0,0.0,0.0,0.0,0.0,0.0,0.0,0.0,0.0,314.03311569514005,0.0,0.0,0.0,0.0,0.0,0.0,0.0,0.0,0.0,0.0,0.0,0.0,0.0,0.0,0.0,628.066231391115,0.0,0.0,0.0,628.066231391115,0.0,0.0,0.0,0.0,0.0,0.0,0.0,6280.6623139095445,0.0,0.0,0.0,0.0,3140.3311569547723,0.0,6280.6623139095445,0.0,0.0,0.0,0.0,15701.655784773862,0.0,0.0,6280.662313909747,0.0,6280.662313909747,0.0,0.0,37683.973883458486,0.0,12561.324627819495,25122.64925563899,0.0,157016.55784774368,0.0,50245.29851127798,0.0,0.0,0.0,0.0,131893.9085921047,0.0,0.0,0.0,9420.993470864429,207261.85635901743,178998.87594642414,0.0,0.0,56525.96082518657,0.0,18841.986941728857,37683.973883457715,0.0,640627.5560187811,0.0,150735.89553383086,0.0,0.0,0.0,0.0,9420.993470864429,367418.7453637127,0.0,0.0,0.0,113051.92165037083,12561.324627818982,376839.73883456946,477330.33585712133,0.0,0.0,175858.54478946576,0.0,25122.649255637964,163297.22016164675,25122.649255637964,1143080.5411315274,0.0,414523.7127180264,25122.649255637964,0.0,0.0,87929.27239473288,138174.5709060088,590382.2575074921,0.0
88,113.6356,34.7538,0.0,0.0,0.0,0.0,0.0,0.0,0.0,0.0,0.0,0.0,0.0,0.0,0.0,0.0,0.0,0.0,0.0,0.0,0.0,0.0,0.0,0.0,0.0,0.0,0.0,0.0,0.0,0.0,0.0,0.0,0.0,0.0,0.0,0.0,0.0,0.0,0.0,0.0,0.0,28262.98041259295,9420.993470864316,15701.655784773862,12561.324627819089,12561.324627819089,31403.311569547725,0.0,34543.6427265025,0.0,0.0,0.0,0.0,18841.98694172863,0.0,345436.4272650361,0.0,0.0,0.0,0.0,0.0,56525.96082518773,25122.64925563899,37683.973883458486,100490.59702255596,25122.64925563899,364278.41420676536,0.0,144455.23321992418,0.0,0.0,50245.29851127798,50245.29851127798,169577.88247556318,0.0,0.0,1394307.0336879354,0.0,0.0,0.0,0.0,18841.986941728857,160156.8890046953,103630.92817950872,56525.96082518657,207261.85635901743,37683.973883457715,1827672.733347699,56525.96082518657,414523.71271803486,0.0,0.0,0.0,131893.908592102,131893.908592102,584101.5951935946,0.0,0.0,0.0,2286161.082263055,0.0,0.0,0.0,87929.27239473288,37683.97388345694,339155.7649511125,150735.89553382777,75367.94776691389,615504.9067631301,125613.24627818982,4723058.060059937,163297.22016164675,841608.7500638717,12561.324627818982,0.0,0.0,226103.84330074166,364278.41420675046,1306377.761293174,0.0
89,113.6113,34.9162,0.0,0.0,0.0,0.0,0.0,0.0,0.0,0.0,0.0,0.0,0.0,0.0,0.0,0.0,0.0,314.03311569514005,0.0,0.0,0.0,0.0,0.0,0.0,0.0,0.0,0.0,0.0,0.0,0.0,0.0,0.0,0.0,1256.13246278223,0.0,0.0,0.0,0.0,0.0,0.0,0.0,0.0,0.0,0.0,0.0,0.0,25122.649255638178,0.0,0.0,0.0,0.0,0.0,0.0,21982.318098683405,0.0,0.0,0.0,0.0,0.0,0.0,0.0,0.0,0.0,6280.662313909747,0.0,0.0,163297.22016165344,0.0,12561.324627819495,0.0,0.0,0.0,0.0,87929.27239473646,0.0,0.0,9420.993470864429,0.0,0.0,0.0,0.0,0.0,75367.94776691543,0.0,37683.973883457715,0.0,0.0,329734.771480255,0.0,18841.986941728857,0.0,9420.993470864429,0.0,0.0,0.0,254366.82371333957,0.0,0.0,0.0,12561.324627818982,0.0,0.0,0.0,0.0,0.0,125613.24627818982,0.0,50245.29851127593,75367.94776691389,0.0,703434.179157863,0.0,25122.649255637964,0.0,37683.97388345694,0.0,0.0,0.0,489891.6604849403,0.0
90,116.3061,37.4664,0.0,0.0,0.0,0.0,0.0,0.0,0.0,0.0,0.0,0.0,0.0,0.0,0.0,0.0,0.0,0.0,0.0,0.0,0.0,0.0,0.0,0.0,0.0,0.0,0.0,0.0,0.0,0.0,0.0,0.0,0.0,0.0,0.0,0.0,0.0,0.0,0.0,0.0,0.0,12561.324627819073,0.0,6280.662313909536,0.0,0.0,0.0,0.0,15701.65578477384,0.0,0.0,12561.324627819073,0.0,0.0,0.0,0.0,0.0,0.0,0.0,0.0,0.0,37683.97388345838,0.0,43964.636197368105,25122.649255638917,0.0,6280.662313909729,0.0,119332.58396428486,0.0,0.0,62806.62313909729,0.0,0.0,0.0,0.0,0.0,0.0,0.0,0.0,0.0,0.0,113051.92165037314,0.0,197840.862888153,47104.96735432214,0.0,9420.993470864429,0.0,226103.8433007463,0.0,0.0,0.0,94209.93470864429,0.0,0.0,0.0,0.0,0.0,0.0,0.0,0.0,0.0,25122.64925563796,0.0,200981.19404510368,0.0,577820.9328796731,150735.89553382777,0.0,12561.32462781898,0.0,439646.3619736643,0.0,0.0,0.0,125613.24627818979,0.0,0.0,0.0
91,116.2729,37.4504,0.0,0.0,0.0,0.0,0.0,0.0,0.0,0.0,0.0,0.0,0.0,0.0,0.0,0.0,0.0,0.0,0.0,0.0,0.0,0.0,0.0,0.0,628.0662313911043,0.0,0.0,0.0,0.0,0.0,0.0,0.0,0.0,0.0,0.0,0.0,0.0,0.0,0.0,0.0,0.0,0.0,0.0,37683.97388345722,0.0,0.0,0.0,0.0,25122.649255638145,0.0,0.0,0.0,0.0,3140.331156954768,0.0,56525.96082518756,0.0,0.0,0.0,0.0,0.0,56525.96082518756,0.0,150735.8955338335,0.0,0.0,50245.29851127783,25122.649255638917,69087.28545300702,0.0,0.0,0.0,0.0,50245.29851127783,0.0,0.0,84788.94123777986,0.0,0.0,0.0,0.0,0.0,244945.83024247515,0.0,310892.78453852615,37683.973883457715,0.0,329734.771480255,37683.973883457715,169577.88247555972,0.0,0.0,0.0,0.0,0.0,226103.8433007463,0.0,0.0,0.0,113051.92165037082,0.0,0.0,0.0,25122.64925563796,0.0,376839.7388345694,0.0,866731.3993195096,50245.29851127592,0.0,766240.8022969578,50245.29851127592,276349.14181201754,0.0,0.0,0.0,75367.94776691389,0.0,439646.3619736643,0.0
92,116.3189,37.4489,0.0,0.0,0.0,0.0,0.0,0.0,0.0,628.066231390312,0.0,0.0,0.0,0.0,0.0,0.0,0.0,0.0,0.0,0.0,0.0,0.0,0.0,0.0,0.0,1256.1324627822087,0.0,0.0,0.0,0.0,0.0,0.0,0.0,0.0,0.0,0.0,0.0,0.0,0.0,0.0,0.0,6280.662313909536,0.0,18841.98694172861,31403.31156954768,6280.662313909536,0.0,0.0,25122.649255638145,0.0,0.0,0.0,0.0,0.0,0.0,0.0,6280.662313909729,0.0,0.0,0.0,0.0,56525.96082518756,12561.324627819458,87929.27239473621,138174.57090601404,87929.27239473621,12561.324627819458,0.0,87929.27239473621,0.0,0.0,62806.62313909729,0.0,6280.662313909729,0.0,0.0,0.0,9420.993470864429,0.0,0.0,0.0,0.0,207261.85635901743,18841.986941728857,244945.83024247515,226103.8433007463,160156.8890046953,47104.96735432214,0.0,207261.85635901743,0.0,0.0,0.0,113051.92165037314,0.0,9420.993470864429,0.0,0.0,0.0,50245.29851127592,12561.32462781898,0.0,0.0,0.0,0.0,276349.14181201754,25122.64925563796,489891.6604849402,439646.3619736643,263787.8171841986,100490.59702255184,0.0,389401.06346238835,0.0,0.0,0.0,150735.89553382777,0.0,25122.64925563796,0.0
93,115.9848,36.4372,0.0,0.0,0.0,0.0,0.0,0.0,0.0,0.0,0.0,0.0,0.0,0.0,0.0,0.0,0.0,0.0,0.0,0.0,0.0,0.0,0.0,0.0,0.0,0.0,0.0,0.0,0.0,0.0,0.0,0.0,0.0,0.0,0.0,0.0,0.0,0.0,0.0,0.0,0.0,6280.662313909536,0.0,28262.980412592915,0.0,0.0,12561.324627819073,0.0,9420.993470864305,0.0,0.0,0.0,0.0,0.0,18841.98694172919,0.0,25122.649255638917,0.0,0.0,0.0,6280.662313909729,25122.649255638917,0.0,213542.5186729308,62806.62313909729,0.0,106771.2593364654,0.0,69087.28545300702,0.0,0.0,0.0,0.0,37683.97388345838,0.0,37683.973883457715,9420.993470864429,37683.973883457715,0.0,0.0,0.0,9420.993470864429,131893.908592102,0.0,640627.5560187811,244945.83024247515,0.0,282629.80412593286,0.0,339155.76495111943,37683.973883457715,9420.993470864429,0.0,0.0,0.0,113051.92165037314,0.0,0.0,113051.92165037082,125613.24627818979,200981.19404510368,0.0,0.0,75367.94776691389,25122.64925563796,188419.8694172847,0.0,1168203.1903871652,628066.231390949,0.0,628066.231390949,0.0,640627.556018768,75367.94776691389,12561.32462781898,0.0,0.0,0.0,339155.76495111245,0.0
94,115.9968,36.4568,0.0,0.0,0.0,0.0,0.0,314.033115695156,0.0,0.0,0.0,314.033115695156,0.0,0.0,0.0,0.0,0.0,0.0,0.0,0.0,0.0,0.0,0.0,1256.1324627822087,628.0662313911043,0.0,0.0,1256.1324627822087,0.0,628.0662313911043,0.0,0.0,0.0,0.0,0.0,59666.291982140596,0.0,0.0,0.0,59666.291982140596,3140.331156954768,6280.662313909536,0.0,12561.324627819073,21982.318098683376,0.0,21982.318098683376,0.0,9420.993470864305,0.0,0.0,0.0,0.0,0.0,0.0,131893.9085921043,0.0,0.0,0.0,119332.58396428486,6280.662313909729,43964.636197368105,0.0,62806.62313909729,169577.88247556268,0.0,106771.2593364654,0.0,62806.62313909729,0.0,0.0,0.0,0.0,0.0,0.0,0.0,207261.85635901743,0.0,0.0,0.0,178998.87594642414,9420.993470864429,131893.908592102,0.0,244945.83024247515,339155.76495111943,0.0,310892.78453852615,0.0,160156.8890046953,113051.92165037314,0.0,0.0,0.0,0.0,9420.993470864429,0.0,0.0,25122.64925563796,276349.14181201754,62806.623139094896,0.0,0.0,238665.1679285606,37683.97388345694,288910.46643983654,0.0,829047.4254360527,602943.5821353111,0.0,452207.68660148326,0.0,552698.2836240351,213542.51867292266,12561.32462781898,0.0,50245.29851127592,0.0,62806.623139094896,0.0
95,115.9835,36.4796,0.0,0.0,0.0,0.0,0.0,0.0,0.0,0.0,0.0,314.033115695156,0.0,0.0,0.0,0.0,0.0,0.0,0.0,0.0,0.0,0.0,0.0,1256.1324627822087,0.0,0.0,0.0,1256.1324627822087,0.0,0.0,0.0,0.0,0.0,0.0,0.0,0.0,0.0,0.0,0.0,0.0,0.0,6280.662313909536,0.0,3140.331156954768,12561.324627819073,0.0,6280.662313909536,0.0,0.0,0.0,0.0,0.0,0.0,0.0,0.0,0.0,0.0,0.0,0.0,0.0,0.0,12561.324627819458,0.0,18841.98694172919,75367.94776691675,0.0,12561.324627819458,0.0,25122.649255638917,0.0,0.0,6280.662313909729,0.0,0.0,0.0,0.0,0.0,0.0,18841.986941728857,0.0,0.0,0.0,28262.980412593286,0.0,122472.91512123757,207261.85635901743,0.0,75367.94776691543,0.0,56525.96082518657,0.0,0.0,0.0,9420.993470864429,0.0,0.0,0.0,0.0,0.0,50245.29851127592,0.0,125613.24627818979,0.0,0.0,12561.32462781898,50245.29851127592,0.0,477330.3358571212,439646.3619736643,0.0,301471.79106765555,0.0,150735.89553382777,0.0,0.0,0.0,37683.97388345694,0.0,0.0,0.0
96,118.0018,37.3617,0.0,0.0,0.0,0.0,0.0,0.0,0.0,0.0,0.0,0.0,0.0,0.0,0.0,0.0,0.0,0.0,0.0,0.0,0.0,0.0,0.0,0.0,0.0,0.0,0.0,0.0,0.0,0.0,0.0,0.0,0.0,0.0,0.0,0.0,0.0,0.0,0.0,0.0,0.0,0.0,0.0,0.0,6280.662313909542,0.0,0.0,0.0,12561.324627819084,0.0,0.0,0.0,0.0,0.0,0.0,0.0,0.0,0.0,0.0,0.0,0.0,37683.97388345834,0.0,25122.64925563889,25122.64925563889,0.0,0.0,0.0,37683.97388345834,0.0,0.0,0.0,0.0,0.0,0.0,0.0,0.0,0.0,0.0,0.0,0.0,0.0,169577.88247555832,0.0,47104.96735432175,113051.92165037221,0.0,0.0,0.0,169577.88247555832,0.0,0.0,0.0,0.0,0.0,0.0,0.0,0.0,0.0,0.0,0.0,0.0,0.0,0.0,0.0,263787.8171841979,0.0,188419.8694172842,226103.84330074105,0.0,0.0,0.0,238665.16792856,0.0,0.0,0.0,25122.649255637894,0.0,0.0,0.0
97,117.9776,37.393,0.0,0.0,0.0,0.0,0.0,0.0,0.0,0.0,0.0,0.0,0.0,0.0,0.0,0.0,0.0,0.0,0.0,0.0,0.0,0.0,0.0,0.0,0.0,628.0662313911362,0.0,0.0,0.0,0.0,0.0,0.0,0.0,0.0,0.0,0.0,0.0,0.0,0.0,0.0,0.0,0.0,0.0,0.0,50245.298511276334,0.0,0.0,0.0,3140.331156954771,0.0,0.0,0.0,0.0,12561.324627819084,0.0,0.0,0.0,0.0,0.0,0.0,0.0,0.0,0.0,81648.6100808264,125613.24627819445,0.0,6280.662313909723,0.0,87929.27239473612,0.0,0.0,0.0,0.0,37683.97388345834,0.0,0.0,0.0,0.0,0.0,0.0,0.0,0.0,75367.9477669148,0.0,235524.83677160877,273208.81065506616,0.0,18841.9869417287,0.0,226103.84330074443,0.0,0.0,0.0,0.0,0.0,75367.9477669148,0.0,0.0,0.0,0.0,0.0,0.0,0.0,0.0,25122.649255637894,175858.54478946526,0.0,314033.1156954737,502452.9851127579,0.0,87929.27239473263,0.0,452207.6866014821,0.0,0.0,0.0,0.0,0.0,100490.59702255158,0.0
98,118.0448,36.838,0.0,314.0331156951597,0.0,0.0,0.0,0.0,0.0,0.0,0.0,0.0,0.0,314.0331156951597,0.0,0.0,0.0,0.0,0.0,1884.1986941734085,0.0,0.0,0.0,0.0,0.0,0.0,0.0,0.0,0.0,628.0662313911362,0.0,0.0,0.0,628.0662313911362,0.0,94209.93470864312,0.0,0.0,0.0,0.0,0.0,6280.662313909542,0.0,97350.2658655979,0.0,0.0,12561.324627819084,0.0,3140.331156954771,0.0,0.0,0.0,0.0,43964.636197366795,25122.64925563889,496172.3227988681,0.0,0.0,0.0,0.0,6280.662313909723,62806.623139097224,0.0,552698.2836240556,18841.98694172917,0.0,75367.94776691668,0.0,87929.27239473612,0.0,0.0,12561.324627819446,12561.324627819446,144455.23321992363,0.0,94209.9347086435,960941.3340281637,0.0,0.0,0.0,0.0,9420.99347086435,188419.869417287,0.0,1026888.2883242142,113051.92165037221,0.0,282629.80412593053,0.0,178998.87594642266,0.0,0.0,0.0,28262.980412593053,75367.9477669148,423944.7061888958,0.0,0.0,175858.54478946526,1683217.5001277388,12561.324627818947,0.0,0.0,0.0,12561.324627818947,439646.36197366315,0.0,1997250.6158232125,527575.6343683958,0.0,728556.8284134989,0.0,351717.0895789305,0.0,0.0,0.0,138174.57090600842,138174.57090600842,766240.8022969558,0.0
99,117.8477,36.497,0.0,0.0,0.0,0.0,0.0,0.0,314.0331156951597,0.0,0.0,0.0,0.0,0.0,0.0,0.0,0.0,0.0,0.0,0.0,0.0,0.0,0.0,0.0,628.0662313911362,0.0,0.0,0.0,0.0,0.0,0.0,0.0,0.0,0.0,0.0,3140.331156954771,0.0,0.0,0.0,0.0,0.0,31403.31156954771,6280.662313909542,21982.318098683398,0.0,0.0,0.0,0.0,0.0,0.0,0.0,0.0,0.0,0.0,0.0,6280.662313909723,12561.324627819446,0.0,0.0,0.0,25122.64925563889,62806.623139097224,12561.324627819446,125613.24627819445,0.0,0.0,12561.324627819446,6280.662313909723,62806.623139097224,0.0,0.0,0.0,0.0,0.0,0.0,0.0,9420.99347086435,18841.9869417287,0.0,0.0,0.0,37683.9738834574,122472.91512123655,18841.9869417287,339155.76495111664,47104.96735432175,0.0,18841.9869417287,18841.9869417287,113051.92165037221,0.0,0.0,0.0,0.0,0.0,37683.9738834574,0.0,0.0,0.0,12561.324627818947,25122.649255637894,0.0,0.0,0.0,50245.29851127579,238665.16792856,25122.649255637894,565259.6082518527,100490.59702255158,0.0,25122.649255637894,25122.649255637894,188419.8694172842,0.0,0.0,0.0,25122.649255637894,0.0,87929.27239473263,0.0
100,117.9544,36.6377,0.0,0.0,0.0,0.0,0.0,0.0,0.0,0.0,0.0,0.0,0.0,0.0,0.0,0.0,0.0,0.0,0.0,0.0,0.0,0.0,0.0,0.0,0.0,0.0,0.0,0.0,0.0,0.0,0.0,0.0,0.0,0.0,0.0,0.0,0.0,0.0,0.0,0.0,0.0,0.0,0.0,3140.331156954771,3140.331156954771,0.0,0.0,0.0,3140.331156954771,0.0,0.0,0.0,0.0,0.0,0.0,0.0,0.0,0.0,0.0,0.0,0.0,31403.311569548612,0.0,43964.63619736806,62806.623139097224,0.0,0.0,0.0,31403.311569548612,0.0,0.0,0.0,0.0,6280.662313909723,0.0,0.0,0.0,0.0,0.0,0.0,0.0,0.0,75367.9477669148,0.0,131893.9085921009,150735.8955338296,9420.99347086435,0.0,0.0,113051.92165037221,0.0,0.0,0.0,0.0,0.0,9420.99347086435,0.0,0.0,0.0,0.0,0.0,0.0,0.0,0.0,0.0,100490.59702255158,0.0,263787.8171841979,314033.1156954737,12561.324627818947,0.0,0.0,163297.2201616463,0.0,0.0,0.0,0.0,0.0,25122.649255637894,0.0
101,118.3092,36.8198,0.0,0.0,0.0,0.0,0.0,0.0,0.0,0.0,0.0,0.0,0.0,0.0,0.0,0.0,0.0,0.0,0.0,0.0,0.0,0.0,0.0,0.0,0.0,0.0,0.0,0.0,0.0,628.0662313911362,0.0,0.0,0.0,0.0,0.0,0.0,0.0,0.0,0.0,0.0,0.0,6280.662313909542,0.0,0.0,6280.662313909542,0.0,0.0,0.0,9420.993470864312,0.0,0.0,0.0,0.0,6280.662313909542,0.0,0.0,0.0,0.0,0.0,0.0,6280.662313909723,25122.64925563889,0.0,12561.324627819446,25122.64925563889,0.0,6280.662313909723,0.0,75367.94776691668,0.0,0.0,0.0,0.0,50245.29851127778,0.0,0.0,0.0,0.0,0.0,0.0,0.0,9420.99347086435,56525.96082518611,0.0,18841.9869417287,56525.96082518611,0.0,18841.9869417287,0.0,178998.87594642266,0.0,0.0,0.0,0.0,0.0,122472.91512123655,0.0,0.0,0.0,0.0,0.0,0.0,0.0,0.0,12561.324627818947,87929.27239473263,0.0,50245.29851127579,125613.24627818947,0.0,37683.97388345684,0.0,427085.0373458442,0.0,0.0,0.0,0.0,0.0,188419.8694172842,0.0
102,117.8512,36.8041,0.0,0.0,0.0,0.0,0.0,0.0,0.0,0.0,0.0,0.0,0.0,0.0,0.0,0.0,0.0,0.0,0.0,0.0,0.0,0.0,0.0,0.0,0.0,0.0,0.0,0.0,0.0,0.0,0.0,0.0,0.0,0.0,0.0,0.0,0.0,0.0,0.0,0.0,0.0,6280.662313909542,0.0,9420.993470864312,3140.331156954771,0.0,0.0,0.0,6280.662313909542,0.0,0.0,0.0,0.0,0.0,0.0,0.0,0.0,0.0,0.0,0.0,0.0,31403.311569548612,0.0,37683.97388345834,56525.9608251875,0.0,0.0,0.0,25122.64925563889,0.0,0.0,0.0,0.0,0.0,0.0,0.0,0.0,0.0,0.0,0.0,0.0,0.0,65946.95429605045,0.0,84788.94123777916,207261.8563590157,0.0,0.0,0.0,84788.94123777916,0.0,0.0,0.0,0.0,0.0,18841.9869417287,0.0,0.0,0.0,0.0,0.0,0.0,0.0,0.0,0.0,138174.57090600842,0.0,138174.57090600842,314033.1156954737,0.0,0.0,0.0,188419.8694172842,0.0,0.0,0.0,0.0,0.0,37683.97388345684,0.0
103,116.6305,35.428,0.0,0.0,0.0,0.0,0.0,0.0,0.0,0.0,0.0,0.0,0.0,0.0,0.0,0.0,0.0,0.0,0.0,0.0,0.0,0.0,0.0,0.0,0.0,0.0,0.0,0.0,0.0,628.0662313911043,0.0,0.0,0.0,0.0,0.0,0.0,0.0,0.0,0.0,0.0,0.0,18841.98694172861,0.0,9420.993470864305,21982.318098683376,0.0,0.0,0.0,6280.662313909536,0.0,0.0,0.0,0.0,0.0,0.0,0.0,0.0,0.0,0.0,0.0,0.0,106771.2593364654,0.0,50245.29851127783,56525.96082518756,0.0,0.0,0.0,50245.29851127783,0.0,0.0,0.0,0.0,0.0,0.0,0.0,0.0,0.0,0.0,0.0,0.0,0.0,292050.7975967973,75367.94776691543,103630.92817950872,188419.86941728857,0.0,0.0,0.0,131893.908592102,0.0,0.0,0.0,18841.986941728857,28262.980412593286,18841.986941728857,0.0,0.0,0.0,0.0,0.0,0.0,0.0,0.0,0.0,427085.0373458453,150735.89553382777,163297.22016164675,288910.46643983654,0.0,0.0,0.0,213542.51867292266,0.0,0.0,0.0,25122.64925563796,100490.59702255184,37683.97388345694,0.0
104,116.5546,35.4039,0.0,0.0,0.0,0.0,0.0,0.0,0.0,0.0,0.0,0.0,0.0,0.0,0.0,0.0,0.0,0.0,0.0,0.0,0.0,0.0,0.0,0.0,0.0,0.0,0.0,0.0,0.0,0.0,0.0,0.0,0.0,0.0,0.0,0.0,0.0,0.0,0.0,0.0,0.0,12561.324627819073,6280.662313909536,0.0,18841.98694172861,0.0,0.0,0.0,3140.331156954768,0.0,0.0,0.0,0.0,0.0,0.0,0.0,0.0,0.0,0.0,0.0,0.0,37683.97388345838,25122.649255638917,6280.662313909729,100490.59702255567,0.0,0.0,0.0,37683.97388345838,0.0,0.0,0.0,0.0,0.0,0.0,0.0,0.0,0.0,0.0,0.0,0.0,0.0,103630.92817950872,65946.954296051,47104.96735432214,320313.7780093906,0.0,0.0,0.0,141314.90206296643,0.0,0.0,0.0,0.0,0.0,0.0,0.0,0.0,0.0,12561.32462781898,0.0,0.0,0.0,0.0,0.0,339155.76495111245,150735.89553382777,100490.59702255184,502452.98511275917,0.0,37683.97388345694,0.0,339155.76495111245,0.0,0.0,0.0,0.0,0.0,0.0,0.0
105,115.42277,35.248889,0.0,0.0,0.0,0.0,0.0,0.0,0.0,0.0,0.0,0.0,0.0,0.0,0.0,0.0,0.0,0.0,0.0,0.0,0.0,0.0,0.0,0.0,0.0,628.0662313911043,0.0,0.0,0.0,0.0,0.0,0.0,0.0,0.0,0.0,0.0,0.0,0.0,0.0,0.0,0.0,0.0,0.0,3140.331156954768,40824.305040411986,0.0,6280.662313909536,0.0,0.0,0.0,0.0,0.0,0.0,0.0,0.0,263787.8171842086,0.0,0.0,0.0,0.0,0.0,12561.324627819458,0.0,37683.97388345838,150735.8955338335,0.0,213542.5186729308,0.0,31403.311569548645,37683.97388345838,0.0,0.0,0.0,0.0,0.0,0.0,970362.3274990362,0.0,0.0,0.0,0.0,0.0,37683.973883457715,0.0,141314.90206296643,329734.771480255,0.0,395681.725776306,28262.980412593286,103630.92817950872,65946.954296051,0.0,0.0,18841.986941728857,0.0,9420.993470864429,28262.980412593286,0.0,0.0,1356623.0598044498,0.0,0.0,0.0,12561.32462781898,0.0,100490.59702255184,50245.29851127592,276349.14181201754,665750.2052744059,0.0,527575.6343683972,62806.623139094896,276349.14181201754,100490.59702255184,0.0,0.0,213542.51867292266,50245.29851127592,12561.32462781898,37683.97388345694
106,115.474722,35.2375,0.0,0.0,0.0,0.0,0.0,0.0,0.0,314.033115695156,0.0,0.0,0.0,0.0,0.0,0.0,0.0,0.0,0.0,0.0,0.0,0.0,0.0,0.0,0.0,628.0662313911043,0.0,0.0,0.0,0.0,0.0,0.0,0.0,0.0,0.0,12561.324627819073,0.0,0.0,0.0,0.0,0.0,31403.31156954768,0.0,6280.662313909536,18841.98694172861,0.0,9420.993470864305,0.0,15701.65578477384,0.0,0.0,0.0,0.0,0.0,6280.662313909729,81648.61008082647,0.0,0.0,0.0,0.0,0.0,106771.2593364654,0.0,37683.97388345838,119332.58396428486,0.0,94209.93470864593,12561.324627819458,50245.29851127783,6280.662313909729,0.0,0.0,0.0,0.0,25122.649255638917,9420.993470864429,320313.7780093906,0.0,0.0,0.0,0.0,0.0,235524.83677161072,0.0,113051.92165037314,320313.7780093906,47104.96735432214,320313.7780093906,75367.94776691543,150735.89553383086,9420.993470864429,0.0,0.0,56525.96082518657,0.0,0.0,37683.973883457715,0.0,25122.64925563796,628066.231390949,0.0,0.0,0.0,0.0,0.0,351717.08957893145,0.0,364278.4142067504,778802.1269247767,75367.94776691389,803924.7761804147,113051.92165037082,288910.46643983654,12561.32462781898,0.0,0.0,100490.59702255184,0.0,0.0,62806.623139094896
107,115.455,35.27,0.0,0.0,0.0,0.0,0.0,0.0,0.0,0.0,0.0,628.066231390312,0.0,0.0,0.0,0.0,0.0,314.033115695156,1256.1324627822087,0.0,0.0,0.0,0.0,0.0,0.0,1256.1324627822087,0.0,2512.2649255644174,0.0,0.0,0.0,0.0,0.0,628.0662313911043,69087.2854530049,3140.331156954768,0.0,0.0,0.0,21982.318098683376,6280.662313909536,0.0,0.0,0.0,18841.98694172861,0.0,56525.96082518583,0.0,0.0,0.0,0.0,0.0,0.0,25122.649255638145,226103.84330075025,18841.98694172919,0.0,0.0,0.0,62806.62313909729,12561.324627819458,12561.324627819458,0.0,12561.324627819458,37683.97388345838,0.0,169577.88247556268,12561.324627819458,0.0,6280.662313909729,0.0,12561.324627819458,0.0,81648.61008082647,18841.98694172919,367418.7453637127,28262.980412593286,0.0,0.0,0.0,94209.93470864429,18841.986941728857,56525.96082518657,0.0,37683.973883457715,113051.92165037314,0.0,273208.81065506843,28262.980412593286,28262.980412593286,9420.993470864429,0.0,0.0,18841.986941728857,0.0,122472.91512123757,94209.93470864429,0.0,489891.6604849402,37683.97388345694,0.0,0.0,0.0,125613.24627818979,25122.64925563796,175858.54478946573,0.0,113051.92165037082,301471.79106765555,0.0,464769.01122930227,37683.97388345694,163297.22016164675,37683.97388345694,0.0,0.0,62806.623139094896,0.0,163297.22016164675,125613.24627818979
108,113.1097,36.1542,0.0,0.0,0.0,0.0,0.0,0.0,0.0,0.0,0.0,0.0,0.0,0.0,0.0,0.0,0.0,0.0,0.0,0.0,0.0,0.0,0.0,0.0,0.0,0.0,0.0,0.0,0.0,0.0,0.0,0.0,0.0,0.0,0.0,0.0,0.0,0.0,0.0,0.0,0.0,0.0,0.0,28262.98041259295,6280.6623139095445,0.0,12561.324627819089,0.0,12561.324627819089,0.0,0.0,0.0,0.0,0.0,0.0,0.0,0.0,0.0,0.0,0.0,0.0,0.0,0.0,200981.19404511192,37683.973883458486,0.0,31403.311569548736,0.0,87929.27239473646,0.0,0.0,0.0,0.0,18841.986941729243,0.0,0.0,150735.89553383086,0.0,0.0,0.0,0.0,0.0,94209.93470864429,0.0,357997.7518928483,131893.908592102,0.0,56525.96082518657,18841.986941728857,244945.83024247515,0.0,0.0,0.0,0.0,0.0,56525.96082518657,0.0,0.0,12561.324627818982,226103.84330074166,0.0,0.0,0.0,0.0,0.0,175858.54478946576,0.0,577820.9328796732,414523.7127180264,0.0,75367.94776691389,25122.649255637964,389401.0634623884,0.0,0.0,0.0,0.0,0.0,87929.27239473288,0.0
109,113.1466,36.1961,0.0,0.0,0.0,0.0,0.0,628.0662313902801,0.0,0.0,0.0,0.0,0.0,0.0,0.0,0.0,0.0,0.0,0.0,0.0,0.0,0.0,0.0,1256.13246278223,0.0,0.0,0.0,0.0,0.0,628.066231391115,0.0,0.0,0.0,0.0,0.0,0.0,0.0,0.0,0.0,0.0,0.0,15701.655784773862,6280.6623139095445,3140.3311569547723,0.0,0.0,0.0,0.0,3140.3311569547723,0.0,0.0,3140.3311569547723,0.0,12561.324627819089,0.0,0.0,0.0,0.0,0.0,0.0,0.0,50245.29851127798,50245.29851127798,18841.986941729243,12561.324627819495,0.0,0.0,0.0,37683.973883458486,0.0,0.0,37683.973883458486,0.0,37683.973883458486,0.0,0.0,0.0,0.0,0.0,0.0,0.0,0.0,94209.93470864429,94209.93470864429,160156.8890046953,18841.986941728857,0.0,0.0,0.0,65946.954296051,0.0,0.0,0.0,75367.94776691543,0.0,94209.93470864429,0.0,0.0,0.0,0.0,0.0,0.0,0.0,0.0,0.0,125613.24627818982,125613.24627818982,238665.16792856067,213542.51867292268,0.0,0.0,0.0,188419.86941728473,0.0,0.0,0.0,150735.89553382777,0.0,150735.89553382777,0.0
110,113.0886,36.2126,0.0,0.0,0.0,0.0,0.0,0.0,0.0,0.0,0.0,0.0,0.0,0.0,0.0,0.0,0.0,0.0,0.0,0.0,0.0,0.0,0.0,0.0,0.0,0.0,0.0,0.0,0.0,628.066231391115,0.0,0.0,0.0,0.0,0.0,0.0,0.0,0.0,0.0,0.0,0.0,25122.649255638178,0.0,6280.6623139095445,6280.6623139095445,0.0,0.0,0.0,15701.655784773862,0.0,0.0,0.0,0.0,0.0,0.0,0.0,0.0,0.0,0.0,0.0,0.0,50245.29851127798,0.0,12561.324627819495,25122.64925563899,0.0,0.0,0.0,75367.94776691697,0.0,0.0,0.0,0.0,12561.324627819495,0.0,0.0,0.0,9420.993470864429,0.0,0.0,0.0,0.0,94209.93470864429,0.0,178998.87594642414,169577.88247555972,0.0,0.0,0.0,216682.84982988186,0.0,0.0,0.0,0.0,0.0,75367.94776691543,0.0,0.0,0.0,0.0,12561.324627818982,0.0,0.0,0.0,0.0,251226.49255637964,0.0,464769.0112293023,389401.0634623884,0.0,62806.62313909491,0.0,540136.9589962162,37683.97388345694,0.0,0.0,0.0,0.0,113051.92165037083,0.0
111,113.0844444,36.1855,0.0,0.0,0.0,0.0,0.0,0.0,0.0,0.0,0.0,0.0,0.0,0.0,0.0,0.0,0.0,0.0,0.0,0.0,0.0,0.0,0.0,0.0,0.0,0.0,0.0,0.0,0.0,0.0,0.0,0.0,0.0,0.0,0.0,0.0,0.0,0.0,0.0,0.0,0.0,0.0,0.0,6280.6623139095445,12561.324627819089,0.0,0.0,0.0,28262.98041259295,0.0,0.0,0.0,0.0,12561.324627819089,0.0,0.0,0.0,0.0,0.0,0.0,0.0,25122.64925563899,0.0,87929.27239473646,100490.59702255596,0.0,0.0,0.0,106771.25933646571,0.0,0.0,0.0,0.0,37683.973883458486,0.0,0.0,0.0,0.0,0.0,0.0,0.0,0.0,37683.973883457715,0.0,386260.7323054416,150735.89553383086,0.0,0.0,0.0,329734.771480255,0.0,0.0,0.0,0.0,0.0,122472.91512123757,0.0,0.0,0.0,0.0,0.0,0.0,0.0,0.0,0.0,326594.4403232935,0.0,1067712.5933646134,464769.0112293023,50245.29851127593,0.0,0.0,628066.2313909491,0.0,0.0,0.0,0.0,0.0,188419.86941728473,0.0
112,113.5753,37.8564,0.0,0.0,0.0,0.0,0.0,1256.1324627826498,0.0,314.03311569566245,0.0,0.0,0.0,0.0,0.0,0.0,0.0,0.0,0.0,0.0,0.0,0.0,0.0,3140.3311569514544,0.0,1256.1324627805818,0.0,0.0,0.0,0.0,0.0,0.0,0.0,0.0,0.0,0.0,0.0,0.0,0.0,0.0,0.0,28262.980412589302,0.0,6280.662313908734,15701.655784771836,0.0,0.0,0.0,25122.649255634937,0.0,0.0,0.0,0.0,6280.662313908734,0.0,0.0,6280.662313909564,0.0,0.0,0.0,0.0,163297.22016164864,0.0,69087.2854530052,138174.5709060104,12561.324627819127,0.0,0.0,87929.2723947339,0.0,0.0,0.0,0.0,31403.31156954782,0.0,0.0,0.0,47104.967354321416,0.0,0.0,0.0,0.0,273208.8106550642,0.0,160156.8890046928,423944.7061888927,122472.91512123568,0.0,0.0,169577.8824755571,0.0,0.0,0.0,0.0,0.0,47104.967354321416,0.0,0.0,0.0,0.0,75367.94776691541,0.0,0.0,0.0,0.0,515014.3097405887,0.0,314033.1156954809,803924.7761804311,163297.22016165007,0.0,0.0,326594.44032330014,0.0,0.0,0.0,0.0,0.0,138174.5709060116,0.0
113,113.4922,37.8792,0.0,0.0,0.0,0.0,0.0,0.0,0.0,0.0,0.0,0.0,0.0,0.0,0.0,0.0,0.0,0.0,0.0,0.0,0.0,0.0,0.0,0.0,0.0,0.0,0.0,0.0,0.0,0.0,0.0,0.0,0.0,0.0,0.0,0.0,0.0,0.0,0.0,0.0,0.0,18841.9869417262,0.0,6280.662313908734,0.0,0.0,3140.331156954367,0.0,0.0,0.0,0.0,0.0,0.0,3140.331156954367,0.0,0.0,0.0,0.0,0.0,0.0,0.0,75367.94776691476,0.0,31403.31156954782,6280.662313909564,0.0,6280.662313909564,0.0,25122.649255638255,0.0,0.0,0.0,0.0,25122.649255638255,0.0,0.0,0.0,0.0,0.0,0.0,0.0,0.0,188419.86941728232,18841.98694172823,131893.90859209764,37683.97388345646,0.0,9420.993470864116,0.0,47104.96735432058,0.0,0.0,0.0,0.0,0.0,84788.94123777703,0.0,0.0,0.0,0.0,0.0,0.0,0.0,0.0,0.0,276349.1418120288,25122.649255638986,188419.8694172924,75367.94776691696,0.0,37683.97388345848,0.0,100490.59702255594,0.0,0.0,0.0,0.0,0.0,113051.92165037544,0.0
114,113.5922,37.8561,0.0,0.0,0.0,0.0,0.0,0.0,0.0,314.03311569566245,0.0,0.0,0.0,0.0,0.0,0.0,0.0,0.0,0.0,0.0,0.0,0.0,0.0,0.0,0.0,628.0662313902909,0.0,0.0,0.0,0.0,0.0,0.0,0.0,0.0,0.0,0.0,6280.662313908734,0.0,0.0,0.0,0.0,28262.980412589302,0.0,9420.9934708631,9420.9934708631,0.0,0.0,0.0,9420.9934708631,0.0,0.0,0.0,0.0,9420.9934708631,0.0,0.0,31403.31156954782,0.0,0.0,0.0,0.0,113051.92165037214,12561.324627819127,43964.63619736695,81648.61008082432,0.0,0.0,0.0,43964.63619736695,0.0,0.0,0.0,0.0,18841.98694172869,0.0,0.0,0.0,47104.967354321416,0.0,0.0,0.0,0.0,310892.7845385213,37683.97388345713,169577.8824755571,310892.7845385213,0.0,0.0,0.0,141314.90206296425,0.0,0.0,0.0,0.0,0.0,37683.97388345713,0.0,0.0,0.0,0.0,62806.623139096184,0.0,0.0,0.0,0.0,703434.1791578772,50245.298511276946,263787.81718420394,690872.854530058,0.0,0.0,0.0,238665.1679285655,0.0,0.0,0.0,0.0,0.0,62806.623139096184,0.0
115,113.6292,37.8531,0.0,0.0,0.0,0.0,0.0,0.0,314.03311569566245,0.0,0.0,0.0,0.0,0.0,0.0,0.0,0.0,0.0,0.0,0.0,0.0,0.0,0.0,0.0,628.0662313902909,0.0,0.0,0.0,0.0,0.0,0.0,0.0,0.0,0.0,0.0,0.0,0.0,0.0,0.0,0.0,0.0,0.0,0.0,9420.9934708631,0.0,0.0,0.0,0.0,15701.655784771836,0.0,0.0,0.0,0.0,0.0,0.0,0.0,0.0,0.0,0.0,0.0,0.0,0.0,0.0,18841.98694172891,43964.63619736746,0.0,0.0,0.0,56525.960825186725,0.0,0.0,0.0,0.0,0.0,0.0,0.0,0.0,0.0,0.0,0.0,0.0,0.0,0.0,0.0,56525.9608251859,160156.8890046934,37683.97388345727,0.0,0.0,84788.94123777885,0.0,0.0,0.0,94209.93470864318,0.0,0.0,0.0,0.0,0.0,0.0,0.0,0.0,0.0,0.0,0.0,50245.29851127698,0.0,75367.94776691547,251226.4925563849,50245.29851127698,25122.64925563849,0.0,138174.5709060117,0.0,0.0,0.0,226103.8433007464,0.0,0.0,0.0
116,113.5689,37.8694,0.0,0.0,0.0,0.0,0.0,0.0,0.0,0.0,0.0,0.0,0.0,0.0,0.0,0.0,0.0,0.0,0.0,0.0,0.0,0.0,0.0,0.0,0.0,628.0662313902909,0.0,0.0,0.0,0.0,0.0,0.0,0.0,0.0,0.0,0.0,0.0,0.0,0.0,0.0,0.0,9420.9934708631,0.0,3140.331156954367,21982.31809868057,3140.331156954367,0.0,0.0,9420.9934708631,0.0,0.0,0.0,0.0,0.0,0.0,0.0,6280.662313909564,0.0,0.0,0.0,0.0,125613.24627819128,0.0,50245.29851127651,175858.5447894678,6280.662313909564,0.0,0.0,50245.29851127651,0.0,0.0,0.0,0.0,6280.662313909564,0.0,0.0,0.0,9420.993470864116,0.0,0.0,0.0,0.0,254366.82371333113,0.0,141314.90206296174,292050.79759678757,103630.92817950528,0.0,0.0,178998.8759464182,0.0,0.0,0.0,0.0,0.0,37683.97388345646,0.0,0.0,0.0,0.0,12561.324627819493,0.0,0.0,0.0,0.0,439646.36197368224,0.0,351717.0895789458,778802.1269248086,163297.22016165341,0.0,0.0,376839.7388345848,0.0,0.0,0.0,25122.649255638986,0.0,100490.59702255594,0.0
117,113.5158,37.85,0.0,0.0,0.0,0.0,0.0,0.0,0.0,0.0,0.0,0.0,0.0,0.0,0.0,0.0,0.0,0.0,0.0,0.0,0.0,0.0,0.0,0.0,0.0,0.0,0.0,0.0,0.0,628.0662313902909,0.0,0.0,0.0,0.0,0.0,0.0,0.0,0.0,0.0,0.0,0.0,0.0,0.0,0.0,0.0,0.0,0.0,0.0,9420.9934708631,0.0,0.0,0.0,0.0,0.0,0.0,0.0,0.0,0.0,0.0,0.0,0.0,0.0,0.0,0.0,0.0,0.0,0.0,0.0,31403.311569548183,0.0,0.0,0.0,0.0,6280.662313909636,0.0,0.0,0.0,0.0,0.0,0.0,0.0,0.0,0.0,0.0,0.0,0.0,0.0,0.0,0.0,47104.967354321416,0.0,0.0,0.0,0.0,0.0,28262.98041259285,0.0,0.0,0.0,0.0,0.0,0.0,0.0,0.0,0.0,0.0,0.0,0.0,0.0,0.0,0.0,0.0,62806.62313909623,0.0,0.0,0.0,0.0,0.0,37683.97388345774,0.0
118,114.483,36.061,0.0,0.0,0.0,0.0,0.0,0.0,0.0,0.0,0.0,0.0,0.0,0.0,0.0,0.0,0.0,314.033115695156,0.0,0.0,0.0,0.0,0.0,0.0,0.0,0.0,0.0,0.0,0.0,0.0,0.0,0.0,0.0,628.0662313911043,0.0,0.0,0.0,0.0,0.0,0.0,0.0,0.0,0.0,0.0,0.0,0.0,0.0,0.0,0.0,0.0,0.0,0.0,0.0,12561.324627819073,0.0,0.0,0.0,0.0,0.0,0.0,0.0,12561.324627819458,0.0,0.0,0.0,0.0,0.0,0.0,12561.324627819458,0.0,0.0,0.0,0.0,87929.27239473621,0.0,0.0,0.0,0.0,0.0,0.0,0.0,0.0,28262.980412593286,0.0,18841.986941728857,18841.986941728857,0.0,0.0,0.0,56525.96082518657,0.0,0.0,0.0,0.0,0.0,263787.817184204,0.0,0.0,0.0,0.0,0.0,0.0,0.0,0.0,0.0,37683.97388345694,0.0,25122.64925563796,50245.29851127592,0.0,0.0,0.0,125613.24627818979,0.0,0.0,0.0,0.0,0.0,401962.38809020736,0.0
119,114.32,36.086,0.0,0.0,0.0,0.0,0.0,0.0,0.0,0.0,0.0,0.0,0.0,314.03311569514005,0.0,0.0,0.0,314.03311569514005,0.0,0.0,0.0,0.0,0.0,0.0,0.0,0.0,0.0,0.0,0.0,628.066231391115,0.0,0.0,0.0,628.066231391115,0.0,0.0,0.0,0.0,0.0,0.0,0.0,0.0,0.0,0.0,0.0,0.0,43964.63619736681,0.0,15701.655784773862,0.0,0.0,0.0,0.0,31403.311569547725,0.0,0.0,0.0,0.0,0.0,0.0,0.0,12561.324627819495,0.0,0.0,25122.64925563899,0.0,433365.69965977257,0.0,87929.27239473646,0.0,0.0,0.0,0.0,163297.22016165344,0.0,0.0,0.0,0.0,0.0,0.0,0.0,0.0,56525.96082518657,0.0,37683.973883457715,84788.94123777986,0.0,979783.3209699006,0.0,169577.88247555972,0.0,0.0,0.0,18841.986941728857,0.0,659469.54296051,0.0,0.0,0.0,50245.29851127593,0.0,0.0,0.0,0.0,0.0,150735.89553382777,0.0,50245.29851127593,125613.24627818982,0.0,1934443.992684123,0.0,452207.6866014833,0.0,0.0,0.0,75367.94776691389,0.0,1570165.5784773726,0.0
120,114.358,36.087,0.0,0.0,0.0,0.0,0.0,0.0,0.0,628.0662313902917,0.0,0.0,0.0,0.0,0.0,0.0,0.0,0.0,0.0,628.0662313911098,0.0,0.0,0.0,0.0,0.0,1256.1324627822196,0.0,0.0,0.0,0.0,0.0,0.0,0.0,628.0662313911098,0.0,6280.66231390954,0.0,0.0,0.0,0.0,0.0,6280.66231390954,0.0,0.0,12561.32462781908,0.0,37683.97388345724,0.0,9420.99347086431,0.0,0.0,0.0,0.0,28262.98041259293,0.0,12561.324627819475,0.0,0.0,0.0,0.0,0.0,12561.324627819475,0.0,0.0,37683.97388345843,0.0,282629.80412593816,0.0,100490.5970225558,0.0,0.0,0.0,0.0,326594.44032330636,0.0,0.0,18841.986941728854,0.0,0.0,0.0,0.0,0.0,37683.97388345771,0.0,0.0,75367.94776691541,9420.993470864427,1045730.2752659514,0.0,273208.8106550684,0.0,0.0,0.0,0.0,0.0,1224729.1512123754,0.0,0.0,0.0,75367.94776691389,0.0,0.0,0.0,0.0,37683.97388345694,125613.24627818982,0.0,0.0,138174.5709060088,12561.324627818982,3115208.5076991073,0.0,477330.33585712133,0.0,0.0,0.0,0.0,0.0,2951911.2875374607,0.0
121,114.286,36.11,0.0,0.0,0.0,0.0,0.0,0.0,0.0,0.0,0.0,0.0,0.0,0.0,0.0,0.0,0.0,0.0,0.0,0.0,0.0,0.0,0.0,0.0,0.0,0.0,0.0,0.0,0.0,628.066231391115,0.0,0.0,0.0,628.066231391115,0.0,0.0,0.0,0.0,0.0,0.0,0.0,6280.6623139095445,0.0,0.0,12561.324627819089,0.0,6280.6623139095445,0.0,3140.3311569547723,0.0,0.0,0.0,0.0,37683.97388345726,0.0,0.0,0.0,0.0,0.0,0.0,0.0,12561.324627819495,0.0,0.0,25122.64925563899,0.0,138174.57090601444,0.0,150735.89553383394,0.0,0.0,0.0,0.0,207261.85635902165,0.0,0.0,28262.980412593286,0.0,0.0,0.0,0.0,0.0,75367.94776691543,18841.986941728857,0.0,56525.96082518657,0.0,838468.4189069341,0.0,263787.817184204,0.0,0.0,0.0,0.0,0.0,452207.6866014926,0.0,0.0,0.0,50245.29851127593,0.0,0.0,0.0,0.0,0.0,125613.24627818982,25122.649255637964,0.0,75367.94776691389,0.0,1406868.358315726,0.0,389401.0634623884,0.0,0.0,0.0,0.0,0.0,1180764.5150149842,0.0
122,114.3406,34.8022,0.0,0.0,0.0,0.0,0.0,0.0,0.0,0.0,0.0,942.0993470854202,0.0,0.0,0.0,0.0,0.0,0.0,0.0,0.0,0.0,0.0,0.0,0.0,0.0,0.0,0.0,3140.3311569555754,0.0,0.0,0.0,0.0,0.0,628.066231391115,0.0,34543.6427265025,0.0,0.0,0.0,0.0,3140.3311569547723,6280.6623139095445,0.0,0.0,12561.324627819089,0.0,106771.25933646226,0.0,18841.98694172863,0.0,0.0,0.0,0.0,34543.6427265025,0.0,364278.41420676536,0.0,0.0,0.0,0.0,6280.662313909747,37683.973883458486,0.0,6280.662313909747,37683.973883458486,0.0,314033.11569548736,0.0,169577.88247556318,0.0,0.0,0.0,0.0,295191.12875375815,0.0,0.0,904415.3732029852,0.0,0.0,0.0,0.0,9420.993470864429,131893.908592102,0.0,9420.993470864429,122472.91512123757,9420.993470864429,1187045.1773289181,0.0,395681.725776306,0.0,0.0,0.0,0.0,0.0,1017467.2948533583,0.0,0.0,0.0,1293816.4366653552,12561.324627818982,0.0,0.0,0.0,12561.324627818982,175858.54478946576,0.0,25122.649255637964,226103.84330074166,87929.27239473288,3404118.974138944,0.0,803924.7761804148,0.0,0.0,0.0,0.0,0.0,2575071.5487028915,0.0
123,114.3389,34.7781,0.0,0.0,0.0,0.0,0.0,0.0,0.0,0.0,0.0,314.03311569514005,0.0,0.0,0.0,0.0,0.0,314.03311569514005,0.0,628.066231391115,0.0,0.0,0.0,0.0,0.0,0.0,0.0,1256.13246278223,0.0,0.0,0.0,0.0,0.0,1256.13246278223,0.0,3140.3311569547723,0.0,0.0,0.0,0.0,0.0,6280.6623139095445,0.0,0.0,18841.98694172863,3140.3311569547723,43964.63619736681,0.0,6280.6623139095445,0.0,0.0,0.0,0.0,40824.30504041204,0.0,12561.324627819495,0.0,0.0,0.0,0.0,12561.324627819495,25122.64925563899,0.0,6280.662313909747,138174.57090601444,6280.662313909747,219823.18098684115,0.0,81648.61008082672,0.0,0.0,0.0,0.0,332875.1026372166,0.0,0.0,56525.96082518657,0.0,0.0,0.0,0.0,18841.986941728857,94209.93470864429,0.0,9420.993470864429,320313.7780093906,9420.993470864429,1064572.2622076804,0.0,197840.862888153,0.0,0.0,0.0,0.0,0.0,960941.3340281717,0.0,0.0,0.0,263787.8171841986,0.0,0.0,0.0,0.0,25122.649255637964,175858.54478946576,0.0,50245.29851127593,464769.0112293023,12561.324627818982,2637878.171841986,0.0,464769.0112293023,0.0,0.0,0.0,0.0,0.0,2097741.21284577,0.0
124,114.3733,34.7975,0.0,0.0,0.0,0.0,0.0,0.0,0.0,0.0,0.0,0.0,0.0,0.0,0.0,0.0,0.0,0.0,0.0,0.0,0.0,0.0,0.0,0.0,0.0,0.0,0.0,0.0,0.0,628.066231391115,0.0,0.0,0.0,1884.198694173345,0.0,0.0,0.0,0.0,0.0,0.0,0.0,6280.6623139095445,0.0,0.0,12561.324627819089,0.0,109911.59049341702,0.0,6280.6623139095445,0.0,0.0,0.0,0.0,28262.98041259295,0.0,0.0,0.0,0.0,0.0,0.0,0.0,69087.28545300722,0.0,0.0,56525.96082518773,0.0,533856.2966823286,0.0,31403.311569548736,0.0,0.0,0.0,0.0,307752.4533815776,0.0,0.0,9420.993470864429,9420.993470864429,0.0,0.0,0.0,0.0,103630.92817950872,0.0,0.0,103630.92817950872,0.0,1328360.0793918844,0.0,216682.84982988186,0.0,0.0,0.0,0.0,0.0,1045730.2752659516,0.0,0.0,0.0,37683.97388345694,12561.324627818982,0.0,0.0,0.0,0.0,226103.84330074166,0.0,0.0,138174.5709060088,0.0,2889104.6643983657,0.0,464769.0112293023,12561.324627818982,0.0,0.0,0.0,0.0,2223354.4591239598,0.0
125,114.2886,34.7967,0.0,0.0,0.0,0.0,0.0,0.0,0.0,0.0,0.0,942.0993470854202,0.0,0.0,0.0,0.0,0.0,0.0,0.0,0.0,0.0,0.0,0.0,0.0,0.0,0.0,0.0,3140.3311569555754,0.0,0.0,0.0,0.0,0.0,0.0,0.0,37683.97388345726,0.0,0.0,0.0,0.0,0.0,0.0,0.0,0.0,12561.324627819089,0.0,178998.87594642202,0.0,12561.324627819089,0.0,0.0,0.0,0.0,3140.3311569547723,0.0,81648.61008082672,0.0,0.0,0.0,50245.29851127798,6280.662313909747,50245.29851127798,0.0,0.0,25122.64925563899,12561.324627819495,1111677.2295620253,0.0,75367.94776691697,0.0,0.0,0.0,0.0,56525.96082518773,0.0,0.0,197840.862888153,0.0,0.0,0.0,113051.92165037314,18841.986941728857,169577.88247555972,0.0,0.0,37683.973883457715,37683.973883457715,3542293.545045025,0.0,197840.862888153,0.0,0.0,0.0,0.0,0.0,235524.83677161072,0.0,0.0,0.0,364278.41420675046,0.0,0.0,0.0,288910.4664398366,25122.649255637964,326594.4403232935,0.0,0.0,125613.24627818982,163297.22016164675,6607256.754232785,0.0,351717.0895789315,0.0,0.0,0.0,0.0,0.0,640627.5560187681,0.0
126,113.261,35.235,0.0,0.0,0.0,0.0,0.0,0.0,0.0,0.0,0.0,0.0,0.0,314.03311569514005,0.0,0.0,0.0,0.0,0.0,0.0,0.0,0.0,0.0,1256.13246278223,0.0,0.0,0.0,0.0,0.0,628.066231391115,0.0,0.0,0.0,0.0,0.0,0.0,0.0,0.0,0.0,0.0,0.0,6280.6623139095445,0.0,15701.655784773862,0.0,0.0,0.0,0.0,9420.993470864316,0.0,0.0,0.0,0.0,0.0,0.0,0.0,0.0,0.0,0.0,0.0,0.0,12561.324627819495,0.0,106771.25933646571,69087.28545300722,6280.662313909747,0.0,0.0,43964.63619736823,6280.662313909747,0.0,0.0,0.0,0.0,0.0,0.0,0.0,0.0,0.0,0.0,0.0,0.0,56525.96082518657,0.0,216682.84982988186,282629.80412593286,28262.980412593286,9420.993470864429,0.0,150735.89553383086,47104.96735432214,0.0,0.0,0.0,0.0,0.0,0.0,0.0,0.0,0.0,0.0,0.0,0.0,0.0,0.0,100490.59702255185,0.0,414523.7127180264,665750.205274406,75367.94776691389,12561.324627818982,0.0,314033.11569547455,62806.62313909491,0.0,0.0,0.0,0.0,25122.649255637964,0.0
127,113.227,35.213,0.0,0.0,0.0,0.0,0.0,0.0,0.0,0.0,0.0,0.0,0.0,0.0,0.0,0.0,0.0,0.0,0.0,0.0,0.0,0.0,0.0,628.066231391115,0.0,0.0,0.0,0.0,0.0,0.0,0.0,0.0,0.0,0.0,0.0,0.0,3140.3311569547723,0.0,0.0,0.0,0.0,18841.98694172863,0.0,3140.3311569547723,6280.6623139095445,0.0,9420.993470864316,0.0,3140.3311569547723,0.0,0.0,0.0,0.0,0.0,0.0,12561.324627819495,25122.64925563899,0.0,0.0,0.0,6280.662313909747,113051.92165037546,6280.662313909747,31403.311569548736,75367.94776691697,0.0,50245.29851127798,0.0,43964.63619736823,0.0,0.0,0.0,0.0,0.0,0.0,0.0,18841.986941728857,37683.973883457715,0.0,0.0,0.0,9420.993470864429,169577.88247555972,28262.980412593286,56525.96082518657,282629.80412593286,0.0,75367.94776691543,0.0,188419.86941728857,0.0,0.0,0.0,0.0,0.0,0.0,0.0,0.0,0.0,25122.649255637964,50245.29851127593,0.0,0.0,0.0,12561.324627818982,339155.7649511125,37683.97388345694,125613.24627818982,565259.6082518542,0.0,100490.59702255185,0.0,326594.4403232935,0.0,0.0,0.0,0.0,0.0,12561.324627818982,0.0
128,113.2464,35.1764,0.0,0.0,0.0,0.0,0.0,0.0,0.0,314.03311569514005,0.0,0.0,0.0,0.0,0.0,0.0,0.0,0.0,0.0,0.0,0.0,0.0,0.0,0.0,0.0,1256.13246278223,0.0,0.0,0.0,628.066231391115,0.0,0.0,0.0,0.0,0.0,0.0,0.0,0.0,0.0,0.0,0.0,0.0,0.0,3140.3311569547723,18841.98694172863,0.0,0.0,0.0,12561.324627819089,0.0,0.0,0.0,0.0,0.0,0.0,0.0,0.0,0.0,0.0,0.0,12561.324627819495,56525.96082518773,25122.64925563899,6280.662313909747,75367.94776691697,0.0,25122.64925563899,0.0,50245.29851127798,0.0,0.0,0.0,0.0,119332.5839642852,0.0,0.0,0.0,0.0,0.0,0.0,0.0,18841.986941728857,84788.94123777986,37683.973883457715,18841.986941728857,169577.88247555972,0.0,37683.973883457715,0.0,103630.92817950872,0.0,0.0,0.0,0.0,0.0,329734.771480255,0.0,0.0,0.0,0.0,0.0,0.0,0.0,0.0,25122.649255637964,238665.16792856067,50245.29851127593,25122.649255637964,326594.4403232935,0.0,50245.29851127593,0.0,150735.89553382777,0.0,0.0,0.0,0.0,0.0,791363.4515525958,0.0
129,113.1992,35.259,0.0,0.0,0.0,0.0,0.0,0.0,314.03311569514005,0.0,0.0,0.0,0.0,0.0,0.0,0.0,0.0,0.0,0.0,0.0,0.0,0.0,0.0,0.0,628.066231391115,0.0,0.0,0.0,0.0,0.0,0.0,0.0,0.0,0.0,0.0,0.0,0.0,0.0,0.0,0.0,0.0,0.0,0.0,6280.6623139095445,6280.6623139095445,0.0,0.0,0.0,15701.655784773862,0.0,0.0,9420.993470864316,0.0,0.0,0.0,0.0,0.0,0.0,0.0,0.0,0.0,0.0,0.0,18841.986941729243,37683.973883458486,6280.662313909747,0.0,0.0,43964.63619736823,0.0,0.0,18841.986941729243,0.0,0.0,0.0,0.0,0.0,0.0,0.0,0.0,0.0,0.0,0.0,0.0,84788.94123777986,75367.94776691543,9420.993470864429,0.0,0.0,113051.92165037314,0.0,0.0,0.0,28262.980412593286,0.0,0.0,0.0,0.0,0.0,0.0,0.0,0.0,0.0,0.0,0.0,0.0,0.0,150735.89553382777,100490.59702255185,12561.324627818982,0.0,0.0,200981.1940451037,0.0,0.0,0.0,37683.97388345694,0.0,0.0,0.0
130,112.85,35.5051,0.0,0.0,0.0,0.0,0.0,0.0,0.0,0.0,0.0,0.0,0.0,0.0,0.0,0.0,0.0,0.0,0.0,0.0,0.0,0.0,0.0,0.0,0.0,0.0,0.0,0.0,0.0,0.0,0.0,0.0,0.0,0.0,0.0,0.0,0.0,0.0,0.0,0.0,0.0,18841.98694172869,0.0,3140.331156954782,18841.98694172869,0.0,6280.662313909564,0.0,6280.662313909564,0.0,0.0,0.0,0.0,0.0,0.0,0.0,0.0,0.0,0.0,0.0,0.0,81648.61008082671,0.0,37683.97388345848,131893.90859210468,0.0,12561.324627819493,0.0,12561.324627819493,0.0,0.0,0.0,0.0,0.0,0.0,0.0,188419.86941728854,0.0,0.0,0.0,0.0,18841.986941728854,207261.8563590174,0.0,131893.90859210197,282629.8041259328,0.0,56525.96082518656,0.0,37683.97388345771,0.0,0.0,0.0,0.0,0.0,0.0,0.0,0.0,0.0,464769.0112293022,0.0,0.0,0.0,0.0,37683.973883456936,414523.7127180263,0.0,263787.81718419853,590382.257507492,0.0,288910.4664398365,50245.29851127591,100490.59702255182,0.0,0.0,0.0,0.0,0.0,0.0,0.0
131,112.835,35.4934,0.0,0.0,0.0,0.0,0.0,0.0,314.03311569514545,0.0,0.0,0.0,0.0,0.0,0.0,0.0,0.0,0.0,0.0,0.0,0.0,0.0,0.0,0.0,1256.13246278224,0.0,0.0,0.0,0.0,0.0,0.0,0.0,0.0,0.0,0.0,9420.993470864345,0.0,0.0,0.0,0.0,3140.331156954782,9420.993470864345,0.0,12561.324627819127,34543.6427265026,0.0,6280.662313909564,12561.324627819127,3140.331156954782,0.0,0.0,0.0,0.0,0.0,0.0,18841.98694172924,0.0,0.0,0.0,0.0,12561.324627819493,37683.97388345848,0.0,75367.94776691696,219823.18098684112,0.0,62806.623139097464,25122.649255638986,18841.98694172924,0.0,0.0,0.0,0.0,0.0,0.0,0.0,28262.98041259328,0.0,0.0,0.0,0.0,18841.986941728854,131893.90859210197,0.0,131893.90859210197,499312.6539558146,0.0,178998.87594642412,37683.97388345771,47104.967354322136,0.0,0.0,0.0,0.0,0.0,0.0,0.0,0.0,0.0,113051.9216503708,0.0,0.0,0.0,0.0,25122.649255637956,326594.44032329344,0.0,213542.51867292263,829047.4254360526,0.0,351717.0895789314,50245.29851127591,138174.57090600877,0.0,0.0,0.0,0.0,0.0,0.0,0.0
132,112.8664,35.4894,0.0,0.0,0.0,0.0,0.0,0.0,0.0,0.0,0.0,0.0,0.0,0.0,0.0,0.0,0.0,0.0,0.0,0.0,0.0,0.0,0.0,0.0,0.0,0.0,0.0,0.0,0.0,0.0,0.0,0.0,0.0,0.0,0.0,0.0,0.0,0.0,0.0,0.0,0.0,12561.324627819127,0.0,0.0,12561.324627819127,0.0,9420.993470864345,0.0,0.0,0.0,0.0,0.0,0.0,0.0,0.0,200981.1940451119,0.0,0.0,0.0,0.0,6280.662313909746,50245.29851127797,0.0,12561.324627819493,50245.29851127797,6280.662313909746,81648.61008082671,0.0,6280.662313909746,0.0,0.0,0.0,0.0,0.0,0.0,0.0,320313.7780093905,0.0,0.0,0.0,0.0,9420.993470864427,150735.89553383083,28262.98041259328,75367.94776691541,244945.8302424751,9420.993470864427,160156.88900469526,0.0,18841.986941728854,0.0,0.0,0.0,0.0,0.0,0.0,0.0,0.0,0.0,427085.03734584525,0.0,0.0,0.0,0.0,12561.324627818978,703434.1791578628,150735.89553382774,113051.9216503708,515014.3097405781,12561.324627818978,326594.44032329344,0.0,87929.27239473285,0.0,0.0,0.0,0.0,0.0,0.0,0.0
133,112.8252,35.4813,0.0,0.0,0.0,0.0,0.0,0.0,0.0,0.0,0.0,0.0,0.0,314.03311569514545,0.0,0.0,0.0,0.0,0.0,0.0,0.0,0.0,0.0,0.0,0.0,0.0,0.0,0.0,0.0,628.06623139112,0.0,0.0,0.0,0.0,0.0,0.0,0.0,0.0,0.0,0.0,0.0,6280.662313909564,0.0,3140.331156954782,18841.98694172869,0.0,0.0,0.0,3140.331156954782,0.0,0.0,0.0,0.0,0.0,0.0,0.0,0.0,0.0,0.0,0.0,0.0,75367.94776691696,0.0,18841.98694172924,37683.97388345848,0.0,50245.29851127797,0.0,6280.662313909746,0.0,0.0,0.0,0.0,0.0,0.0,0.0,0.0,0.0,0.0,0.0,0.0,0.0,178998.87594642412,0.0,65946.95429605099,160156.88900469526,0.0,94209.93470864427,0.0,47104.967354322136,0.0,0.0,0.0,0.0,0.0,0.0,0.0,0.0,0.0,37683.973883456936,0.0,125613.24627818978,50245.29851127591,0.0,12561.324627818978,326594.44032329344,0.0,188419.86941728467,414523.7127180263,0.0,150735.89553382774,50245.29851127591,62806.62313909489,0.0,0.0,0.0,0.0,0.0,12561.324627818978,0.0
134,112.8453,35.546,0.0,0.0,0.0,0.0,0.0,0.0,0.0,0.0,0.0,0.0,0.0,0.0,0.0,0.0,0.0,0.0,0.0,0.0,0.0,0.0,0.0,0.0,0.0,0.0,0.0,0.0,0.0,0.0,0.0,0.0,0.0,0.0,0.0,0.0,0.0,0.0,0.0,0.0,0.0,0.0,0.0,0.0,0.0,0.0,0.0,0.0,15701.65578477391,0.0,0.0,0.0,0.0,0.0,6280.662313909746,0.0,0.0,0.0,0.0,0.0,0.0,12561.324627819493,0.0,0.0,0.0,0.0,0.0,0.0,62806.623139097464,0.0,0.0,0.0,0.0,0.0,0.0,9420.993470864427,0.0,9420.993470864427,0.0,0.0,0.0,0.0,18841.986941728854,0.0,9420.993470864427,9420.993470864427,0.0,0.0,0.0,131893.90859210197,0.0,0.0,0.0,0.0,0.0,0.0,0.0,0.0,12561.324627818978,0.0,25122.649255637956,0.0,0.0,0.0,0.0,25122.649255637956,0.0,50245.29851127591,12561.324627818978,0.0,0.0,0.0,251226.49255637956,0.0,0.0,0.0,0.0,0.0,25122.649255637956,0.0
135,114.2956,35.7511,0.0,0.0,0.0,0.0,0.0,0.0,0.0,0.0,0.0,0.0,0.0,0.0,0.0,0.0,0.0,0.0,0.0,0.0,0.0,0.0,0.0,628.066231391115,0.0,0.0,0.0,0.0,0.0,628.066231391115,0.0,0.0,0.0,1256.13246278223,0.0,0.0,0.0,0.0,0.0,0.0,0.0,6280.6623139095445,0.0,0.0,0.0,0.0,78508.27892386931,0.0,31403.311569547725,0.0,0.0,0.0,0.0,21982.318098683405,0.0,87929.27239473646,0.0,0.0,0.0,75367.94776691697,6280.662313909747,12561.324627819495,25122.64925563899,0.0,37683.973883458486,0.0,439646.3619736823,6280.662313909747,175858.54478947291,0.0,0.0,0.0,0.0,188419.86941729242,0.0,0.0,131893.908592102,0.0,0.0,0.0,160156.8890046953,9420.993470864429,65946.954296051,37683.973883457715,9420.993470864429,75367.94776691543,0.0,1158782.1969163248,9420.993470864429,386260.7323054416,0.0,0.0,0.0,0.0,0.0,442786.69313062815,0.0,0.0,0.0,175858.54478946576,0.0,113051.92165037083,200981.1940451037,213542.51867292268,12561.324627818982,113051.92165037083,62806.62313909491,12561.324627818982,125613.24627818982,0.0,2838859.36588709,12561.324627818982,715995.5037856819,0.0,0.0,0.0,25122.649255637964,0.0,866731.3993195097,0.0
136,114.2878,35.7306,0.0,0.0,0.0,0.0,0.0,0.0,0.0,0.0,0.0,314.03311569514005,0.0,0.0,0.0,0.0,0.0,0.0,0.0,0.0,0.0,0.0,0.0,0.0,0.0,0.0,0.0,1884.198694173345,0.0,0.0,0.0,0.0,0.0,0.0,0.0,0.0,0.0,0.0,0.0,0.0,0.0,0.0,0.0,0.0,28262.98041259295,0.0,138174.57090601,0.0,18841.98694172863,0.0,0.0,0.0,0.0,18841.98694172863,0.0,0.0,0.0,0.0,0.0,0.0,6280.662313909747,0.0,0.0,0.0,100490.59702255596,0.0,879292.7239473646,0.0,94209.93470864621,0.0,0.0,0.0,0.0,144455.23321992418,0.0,0.0,0.0,0.0,0.0,0.0,0.0,18841.986941728857,0.0,0.0,0.0,169577.88247555972,0.0,2204512.472182276,0.0,226103.8433007463,0.0,0.0,0.0,0.0,0.0,414523.71271803486,0.0,0.0,25122.649255637964,50245.29851127593,0.0,0.0,0.0,0.0,25122.649255637964,75367.94776691389,0.0,0.0,276349.1418120176,0.0,3592538.8435562286,0.0,452207.6866014833,0.0,0.0,0.0,0.0,0.0,766240.8022969579,0.0
137,113.926,35.279,0.0,0.0,0.0,0.0,0.0,0.0,0.0,0.0,0.0,0.0,0.0,0.0,0.0,0.0,0.0,0.0,0.0,0.0,0.0,0.0,0.0,628.066231391115,0.0,0.0,0.0,0.0,0.0,0.0,0.0,0.0,0.0,0.0,0.0,0.0,0.0,0.0,0.0,0.0,0.0,6280.6623139095445,0.0,0.0,15701.655784773862,0.0,18841.98694172863,0.0,3140.3311569547723,0.0,0.0,0.0,0.0,12561.324627819089,0.0,0.0,0.0,0.0,0.0,0.0,0.0,12561.324627819495,0.0,0.0,81648.61008082672,0.0,81648.61008082672,0.0,6280.662313909747,0.0,0.0,0.0,0.0,25122.64925563899,0.0,0.0,9420.993470864429,0.0,0.0,0.0,0.0,0.0,56525.96082518657,0.0,0.0,197840.862888153,0.0,367418.7453637127,0.0,84788.94123777986,0.0,0.0,0.0,0.0,0.0,47104.96735432214,0.0,0.0,0.0,62806.62313909491,0.0,0.0,0.0,0.0,12561.324627818982,125613.24627818982,0.0,0.0,389401.0634623884,0.0,854170.0746916907,0.0,175858.54478946576,0.0,0.0,0.0,75367.94776691389,100490.59702255185,87929.27239473288,0.0
138,113.836,35.31,0.0,0.0,0.0,0.0,0.0,0.0,0.0,0.0,0.0,0.0,0.0,0.0,0.0,0.0,0.0,0.0,0.0,0.0,0.0,0.0,0.0,0.0,0.0,0.0,0.0,0.0,0.0,628.066231391115,0.0,0.0,0.0,0.0,0.0,0.0,0.0,0.0,0.0,0.0,0.0,0.0,0.0,0.0,0.0,0.0,0.0,0.0,6280.6623139095445,0.0,0.0,0.0,0.0,6280.6623139095445,0.0,0.0,0.0,0.0,0.0,0.0,0.0,18841.986941729243,0.0,0.0,0.0,0.0,0.0,0.0,31403.311569548736,0.0,0.0,0.0,0.0,50245.29851127798,0.0,0.0,0.0,0.0,0.0,0.0,0.0,0.0,56525.96082518657,0.0,0.0,56525.96082518657,0.0,9420.993470864429,0.0,84788.94123777986,0.0,0.0,0.0,0.0,0.0,235524.83677161072,0.0,0.0,0.0,0.0,0.0,0.0,0.0,0.0,0.0,75367.94776691389,0.0,0.0,100490.59702255185,0.0,37683.97388345694,0.0,175858.54478946576,0.0,0.0,0.0,0.0,0.0,628066.2313909491,0.0
139,113.883,35.303,0.0,0.0,0.0,0.0,0.0,628.0662313902801,0.0,628.0662313902801,0.0,0.0,0.0,0.0,0.0,0.0,0.0,0.0,0.0,0.0,0.0,0.0,0.0,2512.26492556446,0.0,1256.13246278223,0.0,0.0,0.0,0.0,0.0,0.0,0.0,0.0,0.0,0.0,0.0,0.0,0.0,0.0,0.0,12561.324627819089,0.0,0.0,18841.98694172863,0.0,12561.324627819089,0.0,15701.655784773862,0.0,0.0,0.0,0.0,21982.318098683405,0.0,6280.662313909747,0.0,0.0,0.0,0.0,6280.662313909747,62806.62313909747,25122.64925563899,0.0,138174.57090601444,0.0,43964.63619736823,0.0,75367.94776691697,0.0,0.0,0.0,0.0,157016.55784774368,0.0,0.0,37683.973883457715,0.0,0.0,0.0,0.0,18841.986941728857,150735.89553383086,37683.973883457715,0.0,226103.8433007463,0.0,282629.80412593286,0.0,216682.84982988186,0.0,0.0,0.0,0.0,0.0,452207.6866014926,0.0,0.0,0.0,50245.29851127593,0.0,0.0,0.0,0.0,25122.649255637964,200981.1940451037,50245.29851127593,25122.649255637964,401962.3880902074,0.0,665750.205274406,0.0,502452.9851127593,0.0,0.0,0.0,0.0,0.0,942099.3470864237,0.0
140,114.9906,35.767,0.0,0.0,0.0,0.0,0.0,0.0,0.0,0.0,0.0,314.033115695156,0.0,0.0,0.0,0.0,0.0,0.0,0.0,0.0,0.0,0.0,0.0,0.0,0.0,1256.1324627822087,0.0,1884.198694173313,0.0,0.0,0.0,0.0,0.0,0.0,0.0,21982.318098683376,0.0,0.0,0.0,0.0,0.0,0.0,0.0,0.0,6280.662313909536,0.0,50245.29851127629,3140.331156954768,9420.993470864305,0.0,0.0,0.0,0.0,15701.65578477384,0.0,383120.40114849346,0.0,0.0,0.0,0.0,12561.324627819458,62806.62313909729,0.0,12561.324627819458,25122.649255638917,0.0,414523.71271804214,43964.636197368105,75367.94776691675,6280.662313909729,0.0,0.0,0.0,50245.29851127783,0.0,0.0,951520.3405573072,0.0,0.0,0.0,0.0,18841.986941728857,207261.85635901743,37683.973883457715,169577.88247555972,75367.94776691543,0.0,1017467.2948533583,113051.92165037314,273208.81065506843,9420.993470864429,0.0,0.0,0.0,0.0,169577.88247555972,0.0,0.0,0.0,1318939.085920993,125613.24627818979,0.0,0.0,0.0,25122.64925563796,389401.06346238835,50245.29851127592,401962.38809020736,301471.79106765555,0.0,2173109.1606126837,150735.89553382777,502452.98511275917,12561.32462781898,0.0,0.0,0.0,0.0,477330.3358571212,0.0
141,115.0628,35.7672,0.0,0.0,0.0,0.0,0.0,0.0,1256.132462780624,0.0,0.0,0.0,0.0,314.033115695156,0.0,0.0,0.0,0.0,0.0,0.0,1256.1324627822087,0.0,0.0,0.0,3140.3311569555217,0.0,0.0,0.0,0.0,1884.198694173313,0.0,0.0,0.0,0.0,0.0,6280.662313909536,91069.60355168828,0.0,0.0,9420.993470864305,0.0,15701.65578477384,0.0,125613.24627819072,6280.662313909536,0.0,47104.967354321525,0.0,18841.98694172861,0.0,0.0,0.0,0.0,31403.31156954768,50245.29851127783,257507.1548702989,464769.01122931996,0.0,0.0,43964.636197368105,0.0,131893.9085921043,12561.324627819458,797644.1138665356,163297.22016165295,6280.662313909729,602943.582135334,0.0,144455.23321992377,0.0,0.0,0.0,0.0,213542.5186729308,0.0,131893.908592102,932678.3536155785,1187045.1773289181,0.0,0.0,65946.954296051,9420.993470864429,367418.7453637127,56525.96082518657,1808830.7464059703,320313.7780093906,18841.986941728857,2082039.5570610387,18841.986941728857,480470.66701408586,0.0,0.0,0.0,0.0,0.0,640627.5560187811,0.0,0.0,326594.4403232935,2361529.0300299684,2248477.1083795973,0.0,0.0,125613.24627818979,12561.32462781898,741118.1530413198,75367.94776691389,3567416.19430059,602943.5821353111,25122.64925563796,4672812.761548661,200981.19404510368,1406868.3583157258,0.0,0.0,0.0,0.0,0.0,1281255.112037536,0.0
142,115.0772,35.767,0.0,0.0,0.0,0.0,0.0,0.0,314.033115695156,0.0,0.0,942.099347085468,0.0,0.0,0.0,0.0,0.0,0.0,0.0,0.0,0.0,0.0,0.0,1256.1324627822087,628.0662313911043,0.0,0.0,3768.397388346626,0.0,0.0,0.0,0.0,0.0,0.0,0.0,25122.649255638145,119332.58396428119,0.0,0.0,0.0,0.0,25122.649255638145,0.0,135034.23974905504,0.0,0.0,122472.91512123596,0.0,18841.98694172861,0.0,0.0,0.0,0.0,6280.662313909536,87929.27239473621,709714.8414717994,458488.3489154102,0.0,0.0,0.0,6280.662313909729,182139.20710338216,0.0,634346.8937048826,0.0,0.0,584101.5951936048,50245.29851127783,226103.84330075025,0.0,0.0,0.0,0.0,94209.93470864593,0.0,244945.83024247515,1431991.0075713932,1064572.2622076804,0.0,0.0,56525.96082518657,9420.993470864429,348576.75842198386,56525.96082518657,1573305.9096343596,113051.92165037314,18841.986941728857,2383511.3481287006,84788.94123777986,659469.54296051,0.0,0.0,0.0,0.0,0.0,339155.76495111943,0.0,0.0,389401.06346238835,2411774.3285412444,1921882.6680563039,0.0,0.0,150735.89553382777,12561.32462781898,615504.90676313,75367.94776691389,3529732.2204171335,527575.6343683972,25122.64925563796,4823548.657082489,125613.24627818979,1268693.787409717,0.0,0.0,0.0,0.0,0.0,816486.1008082337,0.0
143,113.1569,36.1912,0.0,0.0,0.0,0.0,0.0,0.0,0.0,0.0,0.0,0.0,0.0,0.0,0.0,0.0,0.0,314.03311569514005,0.0,0.0,0.0,0.0,0.0,0.0,0.0,0.0,0.0,0.0,0.0,0.0,0.0,0.0,0.0,1256.13246278223,0.0,0.0,0.0,0.0,0.0,0.0,0.0,6280.6623139095445,0.0,0.0,0.0,0.0,0.0,0.0,3140.3311569547723,0.0,0.0,0.0,0.0,9420.993470864316,0.0,0.0,0.0,0.0,0.0,0.0,0.0,12561.324627819495,0.0,18841.986941729243,0.0,0.0,0.0,0.0,18841.986941729243,0.0,0.0,0.0,0.0,37683.973883458486,0.0,0.0,0.0,0.0,0.0,0.0,0.0,0.0,18841.986941728857,18841.986941728857,47104.96735432214,0.0,0.0,0.0,0.0,47104.96735432214,0.0,0.0,0.0,0.0,0.0,75367.94776691543,0.0,0.0,0.0,0.0,0.0,0.0,0.0,0.0,0.0,150735.89553382777,100490.59702255185,100490.59702255185,25122.649255637964,0.0,0.0,0.0,163297.22016164675,0.0,0.0,0.0,150735.89553382777,0.0,150735.89553382777,0.0
144,117.7918,39.2474,0.0,0.0,0.0,0.0,0.0,0.0,0.0,0.0,0.0,0.0,0.0,314.03311569568194,0.0,0.0,0.0,0.0,0.0,0.0,0.0,0.0,0.0,0.0,0.0,0.0,0.0,0.0,0.0,1884.198694170936,0.0,0.0,0.0,0.0,0.0,0.0,0.0,0.0,0.0,0.0,0.0,0.0,0.0,12561.32462781746,12561.32462781746,0.0,3140.331156954365,0.0,18841.986941726187,0.0,0.0,0.0,0.0,0.0,0.0,0.0,0.0,0.0,0.0,0.0,0.0,12561.324627819073,0.0,157016.5578477384,81648.61008082397,0.0,6280.662313909536,6280.662313909536,144455.23321991935,0.0,0.0,0.0,0.0,0.0,0.0,0.0,0.0,0.0,0.0,0.0,0.0,0.0,160156.88900468865,0.0,452207.68660147383,150735.8955338246,0.0,28262.980412592115,9420.993470864038,442786.69313060975,0.0,0.0,0.0,0.0,0.0,0.0,0.0,0.0,0.0,0.0,0.0,0.0,0.0,0.0,0.0,263787.8171842086,0.0,891854.0485751815,301471.791067667,0.0,37683.97388345838,12561.324627819458,778802.1269248064,0.0,0.0,0.0,0.0,0.0,0.0,0.0
145,117.3747,38.9846,0.0,0.0,0.0,0.0,0.0,0.0,0.0,0.0,0.0,0.0,0.0,0.0,0.0,0.0,0.0,0.0,0.0,0.0,0.0,0.0,0.0,0.0,0.0,0.0,0.0,628.066231390312,0.0,628.066231390312,0.0,0.0,0.0,0.0,0.0,0.0,0.0,0.0,0.0,0.0,0.0,3140.331156954365,0.0,21982.318098680553,6280.66231390873,0.0,9420.993470863094,0.0,21982.318098680553,0.0,0.0,0.0,0.0,3140.331156954365,0.0,6280.662313909536,0.0,0.0,0.0,0.0,0.0,113051.92165037166,0.0,144455.23321991935,12561.324627819073,0.0,219823.18098683376,12561.324627819073,213542.51867292423,0.0,0.0,0.0,0.0,12561.324627819073,0.0,0.0,18841.986941728075,0.0,0.0,0.0,0.0,0.0,235524.83677160094,0.0,414523.71271801763,18841.986941728075,0.0,442786.69313060975,18841.986941728075,499312.653955794,0.0,0.0,0.0,0.0,0.0,37683.97388345615,0.0,0.0,0.0,62806.62313909729,0.0,0.0,0.0,12561.324627819458,0.0,376839.7388345837,50245.29851127783,1017467.2948533761,50245.29851127783,0.0,1017467.2948533761,25122.649255638917,841608.7500639037,50245.29851127783,0.0,0.0,0.0,0.0,62806.62313909729,0.0
146,117.1589,39.0845,0.0,0.0,0.0,314.0331156956783,0.0,0.0,0.0,0.0,0.0,0.0,0.0,0.0,0.0,0.0,0.0,0.0,0.0,0.0,0.0,628.0662313902801,0.0,0.0,0.0,0.0,0.0,628.0662313902801,0.0,0.0,0.0,0.0,0.0,0.0,0.0,332875.10263716226,0.0,0.0,0.0,18841.986941726165,15701.655784771803,0.0,0.0,12561.324627817443,0.0,0.0,15701.655784771803,0.0,0.0,0.0,0.0,0.0,0.0,0.0,0.0,1111677.2295619894,0.0,0.0,0.0,106771.25933646226,62806.62313909545,0.0,0.0,131893.90859210043,232384.50561465314,6280.6623139095445,113051.9216503718,0.0,37683.97388345726,0.0,0.0,0.0,0.0,0.0,0.0,0.0,2261038.4330073874,131893.9085920976,0.0,0.0,207261.8563590105,94209.93470864114,28262.98041259234,0.0,555838.6147809827,650048.5494896239,84788.94123777702,471049.6735432057,56525.96082518468,188419.8694172823,28262.98041259234,0.0,0.0,65946.9542960488,28262.98041259234,0.0,0.0,0.0,0.0,3190576.4554661517,175858.54478947291,0.0,0.0,276349.1418120289,464769.0112293213,577820.9328796967,200981.19404511192,2198231.8098684116,1519920.2799661588,226103.84330075092,1796269.4217781879,138174.57090601444,791363.4515526282,75367.94776691697,0.0,0.0,175858.54478947291,188419.86941729242,125613.24627819494,0.0
147,116.0072,36.4343,314.033115695156,0.0,0.0,0.0,0.0,0.0,0.0,0.0,0.0,0.0,0.0,0.0,0.0,0.0,0.0,0.0,2512.2649255644174,0.0,0.0,0.0,0.0,0.0,0.0,0.0,0.0,0.0,0.0,0.0,0.0,0.0,0.0,1256.1324627822087,15701.65578477384,0.0,0.0,0.0,0.0,0.0,0.0,0.0,0.0,0.0,0.0,0.0,25122.649255638145,0.0,0.0,0.0,0.0,0.0,0.0,31403.31156954768,31403.311569548645,6280.662313909729,0.0,0.0,0.0,0.0,0.0,25122.649255638917,0.0,12561.324627819458,62806.62313909729,0.0,251226.49255638916,0.0,87929.27239473621,18841.98694172919,0.0,0.0,0.0,125613.24627819458,0.0,56525.96082518657,9420.993470864429,0.0,0.0,0.0,0.0,0.0,94209.93470864429,0.0,122472.91512123757,188419.86941728857,0.0,461628.680072357,0.0,292050.7975967973,94209.93470864429,0.0,0.0,0.0,0.0,197840.862888153,0.0,0.0,87929.27239473286,12561.32462781898,25122.64925563796,0.0,0.0,0.0,0.0,150735.89553382777,0.0,376839.7388345694,552698.2836240351,0.0,766240.8022969578,0.0,678311.5299022249,175858.54478946573,0.0,0.0,0.0,0.0,301471.79106765555,0.0
148,116.7022,39.5453,0.0,0.0,0.0,0.0,0.0,0.0,0.0,0.0,0.0,0.0,0.0,0.0,0.0,0.0,0.0,0.0,0.0,0.0,0.0,0.0,0.0,0.0,0.0,0.0,0.0,0.0,0.0,0.0,0.0,0.0,0.0,0.0,6280.662313908721,12561.324627817443,0.0,0.0,0.0,0.0,0.0,0.0,0.0,0.0,12561.324627817443,0.0,12561.324627817443,0.0,6280.662313908721,0.0,0.0,0.0,0.0,3140.3311569543607,12561.324627819089,25122.649255638178,0.0,0.0,0.0,0.0,0.0,18841.98694172863,0.0,31403.311569547725,37683.97388345726,12561.324627819089,69087.285453005,0.0,37683.97388345726,0.0,0.0,0.0,0.0,25122.649255638178,0.0,18841.986941728228,37683.973883456456,0.0,0.0,0.0,0.0,0.0,113051.92165036936,0.0,141314.90206296172,75367.94776691291,18841.986941728228,122472.91512123348,0.0,103630.92817950525,0.0,0.0,0.0,18841.986941728228,0.0,56525.96082518468,0.0,0.0,25122.64925563899,50245.29851127798,0.0,0.0,0.0,0.0,0.0,175858.54478947291,0.0,401962.38809022383,125613.24627819494,25122.64925563899,175858.54478947291,0.0,226103.84330075092,25122.64925563899,0.0,0.0,50245.29851127798,0.0,75367.94776691697,0.0
149,117.1941,39.1067,0.0,0.0,0.0,0.0,0.0,0.0,314.0331156956783,0.0,0.0,0.0,0.0,0.0,0.0,0.0,0.0,0.0,0.0,0.0,0.0,0.0,0.0,0.0,3140.3311569514008,0.0,0.0,0.0,0.0,1256.1324627805602,0.0,0.0,0.0,0.0,0.0,0.0,0.0,0.0,0.0,0.0,0.0,0.0,0.0,65946.95429604157,12561.324627817443,6280.662313908721,9420.993470863083,0.0,12561.324627817443,0.0,0.0,0.0,0.0,0.0,0.0,94209.93470864317,81648.61008082407,0.0,0.0,6280.6623139095445,0.0,62806.62313909545,6280.6623139095445,489891.66048494447,163297.22016164815,31403.311569547725,62806.62313909545,25122.649255638178,244945.83024247224,6280.6623139095445,0.0,0.0,0.0,6280.6623139095445,0.0,0.0,216682.8498298746,141314.90206296172,0.0,0.0,56525.96082518468,18841.986941728228,405102.7192471569,28262.98041259234,1601568.8900468994,574680.601722711,56525.96082518468,329734.771480244,150735.89553382582,659469.542960488,47104.96735432057,0.0,0.0,0.0,0.0,75367.94776691291,0.0,0.0,0.0,1042589.9441090181,200981.19404511192,0.0,0.0,75367.94776691697,163297.22016165344,1055151.2687368377,200981.19404511192,3291067.0524887075,1369184.384432325,87929.27239473646,1180764.5150150326,226103.84330075092,1595288.2277330759,75367.94776691697,0.0,0.0,0.0,0.0,200981.19404511192,0.0
150,117.2099,39.16969,0.0,0.0,0.0,0.0,0.0,0.0,0.0,0.0,0.0,0.0,0.0,0.0,0.0,0.0,0.0,0.0,0.0,0.0,0.0,0.0,0.0,0.0,0.0,0.0,0.0,0.0,0.0,0.0,0.0,0.0,0.0,0.0,0.0,3140.3311569543607,0.0,0.0,0.0,0.0,0.0,21982.318098680524,0.0,15701.655784771803,6280.662313908721,0.0,0.0,0.0,15701.655784771803,0.0,0.0,0.0,0.0,15701.655784771803,0.0,43964.63619736681,0.0,0.0,0.0,0.0,0.0,75367.94776691453,50245.298511276356,163297.22016164815,81648.61008082407,50245.298511276356,62806.62313909545,43964.63619736681,75367.94776691453,6280.6623139095445,0.0,87929.27239473362,125613.2462781909,56525.9608251859,0.0,37683.973883456456,188419.8694172823,0.0,0.0,0.0,9420.993470864114,0.0,226103.84330073872,244945.83024246697,715995.5037856727,292050.7975967875,103630.92817950525,668890.5364313521,65946.9542960488,301471.79106765165,9420.993470864114,0.0,0.0,169577.88247555404,254366.82371333108,216682.8498298746,0.0,0.0,50245.29851127798,288910.46643984836,0.0,0.0,0.0,12561.324627819495,0.0,502452.9851127798,502452.9851127798,1507358.9553383393,565259.6082518772,163297.22016165344,1545042.9292217977,87929.27239473646,565259.6082518772,12561.324627819495,0.0,0.0,301471.7910676679,452207.68660150183,414523.7127180433,0.0
151,115.0061,35.76806,0.0,0.0,0.0,0.0,0.0,0.0,0.0,0.0,0.0,0.0,0.0,0.0,0.0,0.0,0.0,0.0,0.0,0.0,0.0,0.0,0.0,0.0,0.0,0.0,0.0,0.0,0.0,0.0,0.0,0.0,0.0,0.0,0.0,65946.95429605013,3140.331156954768,0.0,0.0,0.0,0.0,6280.662313909536,0.0,3140.331156954768,18841.98694172861,0.0,87929.2723947335,0.0,6280.662313909536,0.0,0.0,0.0,0.0,15701.65578477384,0.0,615504.9067631535,43964.636197368105,0.0,0.0,0.0,12561.324627819458,87929.27239473621,25122.649255638917,43964.636197368105,50245.29851127783,0.0,364278.4142067643,69087.28545300702,106771.2593364654,0.0,0.0,0.0,0.0,119332.58396428486,0.0,0.0,1008046.3013824939,254366.82371333957,0.0,0.0,0.0,28262.980412593286,329734.771480255,37683.973883457715,301471.7910676617,160156.8890046953,0.0,838468.4189069341,131893.908592102,339155.76495111943,9420.993470864429,0.0,0.0,0.0,0.0,565259.6082518657,0.0,0.0,0.0,1356623.0598044498,401962.38809020736,0.0,0.0,0.0,37683.97388345694,552698.2836240351,50245.29851127592,690872.8545300439,238665.1679285606,0.0,1972127.96656758,175858.54478946573,678311.5299022249,12561.32462781898,0.0,0.0,0.0,0.0,1281255.112037536,0.0
152,117.3916,39.1495,0.0,1884.1986941740915,0.0,0.0,0.0,314.03311569568194,0.0,628.0662313913639,0.0,0.0,0.0,628.0662313913639,0.0,0.0,0.0,0.0,0.0,15701.6557847578,0.0,0.0,0.0,1256.132462780624,0.0,1256.132462780624,0.0,3140.3311569515604,0.0,1256.132462780624,0.0,0.0,0.0,0.0,0.0,386260.73230538686,0.0,0.0,0.0,0.0,15701.655784771825,18841.986941726187,0.0,18841.986941726187,6280.66231390873,0.0,147595.56437685515,3140.331156954365,9420.993470863094,0.0,0.0,0.0,0.0,9420.993470863094,0.0,1268693.7874097263,0.0,0.0,0.0,0.0,169577.88247555748,37683.97388345722,0.0,163297.22016164794,81648.61008082397,0.0,590382.2575074964,6280.662313909536,50245.29851127629,0.0,0.0,0.0,0.0,94209.93470864305,0.0,0.0,2025513.5962357682,0.0,0.0,0.0,65946.95429604826,650048.5494896186,113051.92165036846,28262.980412592115,461628.68007233785,282629.8041259211,0.0,1648673.8574012066,9420.993470864038,235524.83677160094,0.0,0.0,0.0,0.0,0.0,310892.7845385132,0.0,0.0,0.0,2826298.041259378,0.0,25122.649255638917,0.0,150735.8955338335,879292.723947362,540136.9589962367,100490.59702255567,904415.373203001,540136.9589962367,0.0,3316189.701744337,12561.324627819458,552698.2836240561,0.0,0.0,0.0,0.0,0.0,590382.2575075146,0.0
153,113.5922,35.28385,0.0,0.0,0.0,0.0,0.0,0.0,0.0,0.0,0.0,0.0,0.0,0.0,0.0,0.0,0.0,314.03311569514005,0.0,0.0,0.0,0.0,0.0,0.0,0.0,0.0,0.0,0.0,0.0,0.0,0.0,0.0,0.0,628.066231391115,0.0,0.0,0.0,18841.98694172863,0.0,0.0,0.0,0.0,0.0,0.0,0.0,0.0,0.0,0.0,0.0,0.0,0.0,0.0,0.0,3140.3311569547723,0.0,0.0,0.0,37683.973883458486,0.0,0.0,0.0,0.0,0.0,0.0,6280.662313909747,0.0,0.0,0.0,0.0,0.0,0.0,0.0,0.0,56525.96082518773,0.0,0.0,0.0,0.0,113051.92165037314,0.0,0.0,0.0,0.0,0.0,0.0,28262.980412593286,0.0,0.0,0.0,0.0,0.0,0.0,0.0,0.0,0.0,169577.88247555972,0.0,0.0,0.0,0.0,0.0,276349.1418120176,0.0,0.0,0.0,0.0,0.0,0.0,37683.97388345694,0.0,87929.27239473288,0.0,0.0,0.0,0.0,0.0,0.0,0.0,364278.41420675046,0.0
154,116.2714,37.4372,0.0,0.0,0.0,0.0,0.0,0.0,314.033115695156,0.0,0.0,0.0,0.0,0.0,0.0,0.0,0.0,0.0,0.0,0.0,0.0,0.0,0.0,0.0,628.0662313911043,0.0,0.0,0.0,0.0,0.0,0.0,0.0,0.0,0.0,0.0,0.0,0.0,0.0,0.0,0.0,0.0,0.0,0.0,21982.318098683376,0.0,0.0,0.0,0.0,3140.331156954768,0.0,0.0,0.0,0.0,9420.993470864305,0.0,0.0,0.0,0.0,0.0,0.0,0.0,62806.62313909729,0.0,87929.27239473621,0.0,0.0,6280.662313909729,0.0,6280.662313909729,0.0,0.0,0.0,0.0,43964.636197368105,0.0,0.0,0.0,0.0,0.0,0.0,0.0,0.0,207261.85635901743,0.0,188419.86941728857,37683.973883457715,0.0,47104.96735432214,0.0,28262.980412593286,0.0,0.0,0.0,0.0,0.0,122472.91512123757,0.0,0.0,0.0,113051.92165037082,0.0,0.0,0.0,0.0,0.0,301471.79106765555,0.0,464769.01122930227,113051.92165037082,0.0,263787.8171841986,50245.29851127592,213542.51867292266,0.0,0.0,0.0,100490.59702255184,0.0,314033.1156954745,0.0
155,119.5967,37.0308,0.0,0.0,0.0,0.0,0.0,0.0,0.0,0.0,0.0,0.0,0.0,0.0,0.0,0.0,0.0,0.0,0.0,0.0,0.0,0.0,0.0,0.0,0.0,0.0,0.0,0.0,0.0,0.0,0.0,0.0,0.0,0.0,0.0,0.0,0.0,0.0,0.0,0.0,0.0,0.0,0.0,0.0,0.0,0.0,6280.662313909542,0.0,3140.331156954771,0.0,0.0,0.0,0.0,3140.331156954771,0.0,0.0,0.0,0.0,0.0,0.0,0.0,0.0,0.0,0.0,0.0,0.0,37683.97388345834,0.0,12561.324627819446,0.0,0.0,0.0,0.0,6280.662313909723,0.0,0.0,0.0,0.0,0.0,0.0,0.0,0.0,0.0,0.0,0.0,0.0,0.0,94209.9347086435,0.0,47104.96735432175,0.0,0.0,0.0,0.0,0.0,18841.9869417287,0.0,0.0,0.0,0.0,0.0,0.0,0.0,0.0,0.0,0.0,0.0,188419.8694172842,0.0,0.0,414523.71271802526,0.0,113051.92165037052,0.0,0.0,12561.324627818947,0.0,0.0,113051.92165037052,0.0
156,114.3922,36.0878,0.0,0.0,0.0,0.0,0.0,0.0,0.0,0.0,0.0,0.0,0.0,314.033115695156,0.0,0.0,0.0,314.033115695156,0.0,0.0,0.0,0.0,0.0,0.0,0.0,0.0,0.0,1256.1324627822087,0.0,628.0662313911043,0.0,0.0,0.0,628.0662313911043,0.0,6280.662313909536,0.0,0.0,0.0,0.0,3140.331156954768,6280.662313909536,0.0,3140.331156954768,0.0,0.0,78508.2789238692,0.0,31403.31156954768,0.0,0.0,0.0,0.0,34543.64272650245,0.0,69087.28545300702,0.0,0.0,0.0,0.0,31403.311569548645,12561.324627819458,0.0,6280.662313909729,31403.311569548645,0.0,521294.9720545075,0.0,119332.58396428486,0.0,0.0,12561.324627819458,0.0,125613.24627819458,0.0,0.0,141314.90206296643,0.0,0.0,0.0,0.0,84788.94123777986,56525.96082518657,0.0,37683.973883457715,75367.94776691543,0.0,1714620.8116973261,0.0,329734.771480255,0.0,0.0,0.0,37683.973883457715,0.0,367418.7453637127,0.0,0.0,0.0,615504.90676313,0.0,0.0,0.0,0.0,213542.51867292266,100490.59702255184,0.0,75367.94776691389,150735.89553382777,12561.32462781898,3052401.8845600123,0.0,602943.5821353111,0.0,0.0,0.0,100490.59702255184,0.0,829047.4254360527,0.0
